Wilaya,Commune,Zone_Sismique,Policy_Count,Total_Capital,Avg_Vulnerability,Risk_Weighted_Capital,Concentration_Pct
16 - ALGER,99 - ALGER,IIa,447,"40804543615,22","0,31476510067114094","18442597291,836","13,622"
31 - ORAN,1019 - ORAN,IIa,999,"27820147715,22","0,3124924924924925","11727495650,947199","9,288"
19 - SETIF,1182 - SETIF,IIb,1101,"26346995355,34","0,40930063578564946","15384364486,739202","8,796"
25 - CONSTANTINE,513 - CONSTANTINE,0,742,"9662246675,04","0,26563342318059296","2810216234,012","3,226"
16 - ALGER,106 - BEB EZZOUAR,IIa,233,"7679660205,84","0,31287553648068667","2660782505,1024","2,564"
19 - SETIF,1158 - EL EULMA,IIb,2170,"7420811168,0","0,40652534562211984","3158701990,2400002","2,477"
16 - ALGER,147 - ROUIBA,IIa,258,"6125961110,0","0,30930232558139537","2786795295,9599996","2,045"
9 - BLIDA,356 - MOUZAIA,III,10,"5369822177,21","0,61","4288671141,768","1,793"
36 - EL TAREF,623 - EL KALA,0,6,"4907536000,0","0,3","1472260800,0","1,638"
15 - TIZI OUZOU,1503 - TIZI OUZOU,IIa,1186,"4805618603,2","0,30202360876897133","1463207283,96","1,604"
35 - BOUMERDES,471 - TIDJELABINE,I,19,"4256824429,0","0,2210526315789474","1356018806,88","1,421"
16 - ALGER,105 - BARAKI,IIa,334,"4124900702,32","0,34059880239520957","1818881525,9136","1,377"
11 - TAMENRASSET,1315 - TAMANRASSET,III,765,"3844964140,0","0,5005228758169934","1957003600,0","1,284"
12 - TEBESSA,1344 - TEBESSA,III,106,"3476574079,23","0,5613207547169812","2491507848,538","1,161"
35 - BOUMERDES,461 - LARBATACHE,I,23,"3236164400,0","0,23304347826086957","776302880,0","1,08"
29 - MASCARA,786 - MASCARA,I,953,"3006705197,37","0,2000419727177335","601381039,474","1,004"
16 - ALGER,118 - CHERAGA ALGER,IIa,598,"2887511137,0","0,3269899665551839","931269341,1","0,964"
34 - B.B ARRERIDJ,368 - BORDJ BOU ARRERIDJ,IIa,950,"2800127070,0","0,32456842105263156","913561884,6","0,935"
14 - TIARET,1384 - TIARET,IIb,439,"2731204830,6","0,4621412300683371","1370735901,7280002","0,912"
15 - TIZI OUZOU,1504 - TIZI RACHED,IIa,106,"2652197950,0","0,3181132075471698","989519385,0","0,885"
16 - ALGER,119 - DAR EL BEIDA,IIa,387,"2416502970,0","0,3248062015503876","788177691,0","0,807"
16 - ALGER,136 - KOUBA,IIa,432,"2380410343,5","0,31222222222222223","740101809,45","0,795"
13 - TLEMCEN,1560 - TLEMCEN,I,63,"2321655022,16","0,20317460317460317","551018462,5184","0,775"
16 - ALGER,125 - EL BIAR,IIa,116,"2270063670,0","0,31551724137931036","772740606,0","0,758"
16 - ALGER,111 - BIRTOUTA,IIa,313,"2267859369,0","0,3427476038338658","797611477,44","0,757"
26 - MEDEA,838 - MEDEA,IIb,316,"2147329718,2","0,44582278481012655","992703902,336","0,717"
25 - CONSTANTINE,515 - EL KHROUB,0,527,"2083064140,9","0,2660341555977229","614337545,225","0,695"
9 - BLIDA,342 - BLIDA,III,494,"2075126220,0","0,5248987854251013","1168112110,0","0,693"
5 - BATNA,174 - BATNA,IIa,622,"1993948559,08","0,30009646302250803","598304567,724","0,666"
15 - TIZI OUZOU,1498 - TIGZIRT,IIa,335,"1912350321,0","0,30107462686567166","600658982,28","0,638"
35 - BOUMERDES,450 - BOUMERDES,I,223,"1858125388,0","0,20860986547085203","419288677,6","0,62"
16 - ALGER,109 - BIR KHADEM,IIa,390,"1776120954,01","0,33215384615384613","581179486,2036","0,593"
36 - EL TAREF,614 - BESBES EL TARF,0,1,"1640833620,49","0,4","656333448,1960001","0,548"
18 - JIJEL,710 - TAHER,IIa,797,"1627693720,0","0,3000752823086575","489388116,0","0,543"
16 - ALGER,102 - BABA HASSEN,IIa,260,"1603610640,0","0,3369230769230769","540876432,0","0,535"
35 - BOUMERDES,465 - OULED MOUSSA,I,219,"1586162000,0","0,23342465753424657","386777160,0","0,53"
6 - BEJAIA,260 - BEJAIA,IIb,466,"1550602181,95","0,4116738197424893","632776872,78","0,518"
35 - BOUMERDES,459 - KHEMIS EL KHECHNA,I,93,"1509726650,0","0,23526881720430107","439888970,00000006","0,504"
15 - TIZI OUZOU,1466 - BOGHNI,IIa,453,"1467846970,0","0,3010596026490066","441104091,0","0,49"
16 - ALGER,122 - DOUERA,IIa,216,"1458514406,25","0,3397222222222222","494496722,25","0,487"
43 - MILA,884 - HAMALA,IIa,4,"1434020000,0","0,345","516210000,0","0,479"
23 - ANNABA,156 - ANNABA,IIb,431,"1425740060,0","0,4322969837587007","605732024,0","0,476"
31 - ORAN,1003 - BIR EL DJIR,IIa,464,"1375383670,0","0,30982758620689654","420928101,0","0,459"
27 - MOSTAGANEM,918 - MOSTAGANEM,I,248,"1367273082,0","0,2059677419354839","301337576,08","0,456"
16 - ALGER,137 - LES EUCALYPTUS,IIa,421,"1354327170,0","0,3437529691211401","459092151,0","0,452"
16 - ALGER,124 - EL ACHOUR,IIa,112,"1353138029,2","0,31607142857142856","529117176,45600003","0,452"
16 - ALGER,114 - BORDJ EL KIFFAN,IIa,249,"1337391529,3899999","0,32433734939759035","425284597,8804","0,446"
16 - ALGER,120 - DELY BRAHIM,IIa,177,"1308795100,0","0,31898305084745765","428572530,0","0,437"
16 - ALGER,134 - HYDRA,IIa,137,"1277221430,0","0,31270072992700726","389796429,0","0,426"
16 - ALGER,143 - OULED FAYET,IIa,230,"1274482207,0","0,3203478260869565","404538662,1","0,425"
31 - ORAN,997 - AIN TURK,IIa,141,"1255680460,0","0,3021276595744681","413009538,0","0,419"
42 - TIPAZA,1404 - HADJOUT,IIb,488,"1192433440,0","0,41131147540983604","495613376,0","0,398"
42 - TIPAZA,1417 - TIPAZA,IIb,348,"1186250620,0","0,4298850574712644","507668248,0","0,396"
23 - ANNABA,162 - EL BOUNI,IIb,415,"1146415725,0","0,4433734939759036","496806290,0","0,383"
48 - RELIZANE,1104 - SIDI KHETTAB,I,3,"1120564393,9499998","0,32000000000000006","358580606,064","0,374"
26 - MEDEA,813 - BERROUAGHIA,IIb,291,"1028229410,0","0,4442611683848797","470767896,8","0,343"
15 - TIZI OUZOU,1459 - AZAZGA,IIa,173,"998763700,0","0,3027745664739884","309873176,4","0,333"
16 - ALGER,97 - AIN BENIAN (ALGER),IIa,291,"997434888,0","0,3051546391752577","302991866,4","0,333"
7 - BISKRA,308 - BISKRA,IIa,75,"988501410,0","0,34","351288423,0","0,33"
16 - ALGER,139 - MOHAMMADIA ALGER,IIa,260,"981896530,0","0,32053846153846155","309106719,0","0,328"
16 - ALGER,135 - KHRAISSIA,IIa,153,"963195960,0","0,34274509803921566","330447588,0","0,322"
15 - TIZI OUZOU,1472 - FREHA,IIa,173,"848033820,0","0,34231213872832367","292277876,4","0,283"
16 - ALGER,126 - EL HARRACH,IIa,186,"835805760,0","0,3303225806451613","279379728,0","0,279"
25 - CONSTANTINE,516 - HAMMA BOUZIANE,0,250,"820892683,0","0,29259999999999997","227178172,4","0,274"
16 - ALGER,141 - OUED SMAR,IIa,41,"779639290,0","0,34097560975609753","298626987,0","0,26"
44 - AIN DEFLA,34 - AIN-DEFLA,IIa,282,"778649693,05","0,3376595744680851","257749479,315","0,26"
16 - ALGER,154 - ZERALDA,IIa,198,"763508506,0","0,32","239492551,8","0,255"
16 - ALGER,110 - BIR MOURAD RAIS,IIa,153,"753979170,0","0,31450980392156863","236136321,0","0,252"
28 - M SILA,972 - SIDI AISSA,0,162,"753497800,0","0,27499999999999997","210934450,0","0,252"
16 - ALGER,123 - DRARIA,IIa,122,"746252880,28","0,3186885245901639","240885413,964","0,249"
43 - MILA,897 - TELAGHMA,IIa,189,"729958860,0","0,3495238095238095","255467658,0","0,244"
16 - ALGER,146 - REGHAIA,IIa,214,"728720966,26","0,3030841121495327","222546289,878","0,243"
5 - BATNA,172 - ARRIS,IIa,315,"726094890,0","0,30057142857142854","218368467,0","0,242"
46 - AIN TIMOUCHENT,80 - HAMMAM BOUHADJAR,I,5,"717822073,5799999","0,2720000000000001","229171564,34560004","0,24"
19 - SETIF,1140 - BAZER SAKRA,IIb,119,"712683060,0","0,4228571428571429","337105224,0","0,238"
9 - BLIDA,360 - OULED YAICH BLIDA,III,266,"706617250,0","0,5537593984962407","374758625,0","0,236"
15 - TIZI OUZOU,1470 - DRAA BEN KHEDDA,IIa,172,"689168180,0","0,30104651162790697","206960454,0","0,23"
16 - ALGER,130 - EL MOURADIA,IIa,124,"685148330,0","0,32225806451612904","221010999,0","0,229"
15 - TIZI OUZOU,1478 - IFLISSEN TIZI OUZOU,IIa,75,"629747110,0","0,3","188924133,0","0,21"
43 - MILA,877 - CHELGHOUM LAID,IIa,204,"624990665,0","0,33882352941176475","211665199,8","0,209"
16 - ALGER,116 - BOUZAREAH,IIa,98,"618134290,0","0,30551020408163265","188904447,0","0,206"
16 - ALGER,138 - MAHELMA,IIa,118,"615413459,03","0,3101694915254237","186694037,709","0,205"
16 - ALGER,150 - SIDI MOUSSA,IIa,129,"609835160,0","0,30697674418604654","194764548,0","0,204"
28 - M SILA,962 - MSILA,0,254,"603990140,0","0,2511811023622047","151447535,0","0,202"
35 - BOUMERDES,456 - EL KHARROUBA,I,7,"594415000,0","0,2571428571428572","187067000,00000003","0,198"
10 - BOUIRA,410 - BOUIRA,III,266,"592133990,0","0,5353383458646617","305466995,0","0,198"
16 - ALGER,152 - STAOUELI,IIa,166,"567788921,8","0,3177108433734939","175136676,54","0,19"
27 - MOSTAGANEM,917 - MEZAGHRANE,I,78,"547664203,0","0,20974358974358973","119279240,6","0,183"
42 - TIPAZA,1394 - BOU ISMAIL,IIb,105,"545206460,0","0,4365714285714286","229042584,0","0,182"
9 - BLIDA,344 - BOUFARIK,III,183,"534899380,0","0,5174863387978142","273349690,0","0,179"
25 - CONSTANTINE,514 - DIDOUCHE MOURAD,0,106,"530732110,0","0,2844339622641509","154201027,5","0,177"
16 - ALGER,148 - SAOULA,IIa,72,"504860560,0","0,32916666666666666","185118168,0","0,169"
39 - El Oued,586 - EL OUED,I,104,"502884687,0","0,23423076923076921","123256779,68","0,168"
43 - MILA,891 - ROUACHED,IIa,25,"501986903,0","0,3072","232188667,44","0,168"
5 - BATNA,170 - AIN TOUTA,IIa,6,"498219000,0","0,36999999999999994","238010580,0","0,166"
16 - ALGER,142 - OULED CHEBEL,IIa,55,"488524000,0","0,3469090909090909","172813200,0","0,163"
3 - LAGHOUAT,749 - LAGHOUAT,I,216,"462780750,7","0,20074074074074075","93610326,568","0,154"
16 - ALGER,133 - HUSSEIN DEY,IIa,65,"455584625,0","0,31846153846153846","143593387,8","0,152"
16 - ALGER,113 - BORDJ EL BAHRI,IIa,80,"451410365,0","0,3075","137981509,5","0,151"
21 - SKIKDA,1247 - AZZABA,IIa,5,"448750000,0","0,33599999999999997","161235000,0","0,15"
35 - BOUMERDES,454 - DELLYS,I,113,"442440946,0","0,22123893805309736","92104189,44","0,148"
44 - AIN DEFLA,49 - EL ATTAF,IIa,157,"436158130,0","0,3481528662420382","150576939,0","0,146"
9 - BLIDA,362 - SOUMAA BLIDA,III,155,"430592840,0","0,5374193548387096","233276420,0","0,144"
6 - BEJAIA,254 - AKBOU,IIb,39,"422514260,0","0,4205128205128206","194187784,0","0,141"
15 - TIZI OUZOU,1446 - AIT AISSA MIMOUN,IIa,124,"422392200,0","0,3","126717660,0","0,141"
16 - ALGER,98 - AIN TAYA,IIa,14,"420415660,0","0,30428571428571427","126184698,0","0,14"
15 - TIZI OUZOU,1487 - MECHTRASS,IIa,120,"407049040,0","0,30049999999999993","122174712,0","0,136"
23 - ANNABA,163 - EL HADJAR,IIb,17,"401752130,0","0,4329411764705883","191260852,0","0,134"
18 - JIJEL,698 - EMIR ABDELKADER,IIa,148,"395885670,0","0,3012162162162162","123445701,0","0,132"
19 - SETIF,1149 - BIR EL ARCH,IIb,86,"367820560,0","0,4176744186046512","163768224,0","0,123"
19 - SETIF,1162 - GUELTA ZERGA,IIb,76,"360327450,0","0,43052631578947365","169210980,0","0,12"
25 - CONSTANTINE,509 - AIN ABID,0,127,"352927388,96","0,2622047244094488","93161847,24","0,118"
15 - TIZI OUZOU,1493 - OUAGUENOUN,IIa,111,"351247480,0","0,3043243243243243","107114244,0","0,117"
12 - TEBESSA,1335 - EL OUENZA,III,156,"349491310,0","0,5006410256410256","174945655,0","0,117"
40 - KHENCHELA,726 - KHENCHELA,IIa,118,"344474190,0","0,3","103342257,0","0,115"
31 - ORAN,1011 - ES SENIA,IIa,69,"342745010,0","0,3217391304347826","109327503,0","0,114"
1 - ADRAR,1 - ADRAR,0,2,"336240000,0","0,25","84060000,0","0,112"
21 - SKIKDA,1277 - SKIKDA,IIa,108,"334093774,46","0,34055555555555556","114410449,6056","0,112"
35 - BOUMERDES,448 - BOUDOUAOU,I,73,"324160220,0","0,20876712328767125","67756844,0","0,108"
15 - TIZI OUZOU,1427 - LAYOUNE,IIa,4,"322096037,5","0,3","96628811,25","0,108"
19 - SETIF,1134 - AIN OULMANE,IIb,5,"321000000,0","0,48","154080000,0","0,107"
6 - BEJAIA,274 - EL KSEUR,IIb,155,"317812933,46","0,4490322580645161","136645173,384","0,106"
16 - ALGER,121 - DJISR KSENTINA,IIa,91,"315136460,0","0,3224175824175824","100278378,0","0,105"
28 - M SILA,952 - HAMMAM DHALAA,0,69,"307797700,0","0,28695652173913044","82764425,0","0,103"
16 - ALGER,115 - BOUROUBA,IIa,115,"306900220,0","0,30469565217391303","93420066,0","0,102"
2 - CHLEF,480 - BOUKADIR,IIb,75,"299455430,0","0,4672","157622172,00000003","0,1"
5 - BATNA,173 - BARIKA,IIa,51,"297375540,0","0,30117647058823527","101212662,0","0,099"
16 - ALGER,149 - SIDI MHAMED ALGER,IIa,63,"296189120,0","0,3152380952380952","92140950,0","0,099"
15 - TIZI OUZOU,1460 - AZEFFOUN,IIa,40,"293663090,0","0,306","88878927,0","0,098"
35 - BOUMERDES,458 - ISSER,I,98,"291844930,0","0,20448979591836733","59566895,2","0,097"
36 - EL TAREF,621 - ECHATT,0,69,"291559370,0","0,2855072463768116","82539842,5","0,097"
35 - BOUMERDES,444 - BAGHLIA,I,26,"290187650,0","0,23692307692307693","67971610,0","0,097"
38 - TISSEMSILT,1438 - TISSEMSILT,IIa,7,"274655849,2","0,40285714285714286","130637807,61599998","0,092"
43 - MILA,885 - MILA,IIa,79,"271480100,0","0,31670886075949367","85704030,0","0,091"
21 - SKIKDA,1260 - EL HARROUCH,IIa,133,"264215880,0","0,3040601503759398","79864764,0","0,088"
16 - ALGER,151 - SOUIDANIA,IIa,58,"254754703,2","0,3196551724137931","79788346,752","0,085"
16 - ALGER,103 - BACH DJERRAH,IIa,92,"251968294,5","0,30978260869565216","78416188,35","0,084"
6 - BEJAIA,297 - TAZMALT,IIb,88,"245355270,0","0,48000000000000004","123822108,0","0,082"
18 - JIJEL,700 - JIJEL,IIa,91,"245147310,0","0,3","73544193,0","0,082"
35 - BOUMERDES,457 - HAMMEDI,I,26,"240829750,5","0,22","53670630,120000005","0,08"
4 - OUM EL BOUAGHI,1050 - AIN MLILA,IIa,123,"239734740,0","0,33024390243902435","78160422,0","0,08"
9 - BLIDA,352 - GUERROUAOU,III,63,"237074430,0","0,5777777777777777","128657215,0","0,079"
6 - BEJAIA,257 - AMIZOUR,IIb,90,"225761950,0","0,40355555555555556","91248780,0","0,075"
48 - RELIZANE,1099 - OUED RHIOU,I,4,"220528309,6","0,24","52926794,304","0,074"
15 - TIZI OUZOU,1492 - OUADHIA,IIa,87,"219503290,0","0,30206896551724133","66090987,0","0,073"
16 - ALGER,108 - BENI MESSOUS,IIa,31,"206962550,0","0,3212903225806451","66320565,0","0,069"
6 - BEJAIA,299 - TICHI,IIb,49,"203831220,0","0,413061224489796","83532488,0","0,068"
39 - El Oued,593 - MIH OUENSA,I,5,"203000000,0","0,24","48720000,0","0,068"
22 - SIDI BEL ABBES,1223 - SIDI BEL ABBES,IIa,81,"200915550,0","0,3333333333333333","65272665,0","0,067"
9 - BLIDA,346 - BOUINAN,III,73,"200352487,0","0,5054794520547945","103066243,5","0,067"
19 - SETIF,1167 - HAMMAM SKHOUNA,IIb,72,"197179470,0","0,4055555555555556","79271788,0","0,066"
28 - M SILA,934 - AIN EL HADJEL,0,49,"196094400,0","0,2826530612244898","54853600,0","0,065"
6 - BEJAIA,290 - SOUK EL THENINE,IIb,54,"195098740,0","0,4562962962962963","88119496,0","0,065"
16 - ALGER,132 - HARAOUA,IIa,57,"190634780,0","0,3063157894736842","59698434,0","0,064"
35 - BOUMERDES,453 - CORSO,I,28,"186529000,0","0,2057142857142857","37721800,0","0,062"
9 - BLIDA,341 - BENI TAMOU,III,42,"186093960,0","0,5428571428571429","107446980,0","0,062"
15 - TIZI OUZOU,1486 - MAKOUDA,IIa,41,"184931190,0","0,3","55479357,0","0,062"
6 - BEJAIA,283 - OUED GHIR,IIb,55,"183696507,5","0,4203636363636364","75238603,0","0,061"
15 - TIZI OUZOU,1497 - TADMAIT,IIa,56,"182243010,0","0,3032142857142857","54972903,0","0,061"
42 - TIPAZA,1411 - MEURAD,IIb,73,"178650350,0","0,4054794520547945","72260140,0","0,06"
19 - SETIF,1143 - BENI AZIZ,IIb,77,"176342000,0","0,4051948051948052","70936800,0","0,059"
15 - TIZI OUZOU,1467 - BOUDJIMA,IIa,49,"175321070,0","0,30489795918367346","54366321,0","0,059"
43 - MILA,894 - TADJENANET,IIa,69,"175162690,0","0,3521739130434783","61284807,0","0,058"
34 - B.B ARRERIDJ,369 - BORDJ GHDIR,IIa,62,"169471040,0","0,30580645161290326","51240312,0","0,057"
44 - AIN DEFLA,63 - TIBERKANINE,IIa,24,"168043250,0","0,32249999999999995","51852975,0","0,056"
34 - B.B ARRERIDJ,384 - MANSOURA,IIa,17,"164350000,0","0,3070588235294118","49785000,0","0,055"
15 - TIZI OUZOU,1499 - TIMIZART,IIa,38,"161925829,16","0,32842105263157895","52001948,747999996","0,054"
9 - BLIDA,340 - BENI MERED,III,52,"153434580,0","0,5326923076923077","80517290,0","0,051"
25 - CONSTANTINE,510 - AIN SMARA,0,26,"152109170,0","0,2653846153846154","38967292,5","0,051"
27 - MOSTAGANEM,912 - HASSI MAAMECHE,I,28,"150771700,0","0,20714285714285716","32934340,0","0,05"
9 - BLIDA,347 - CHEBLI,III,26,"149654700,0","0,5307692307692308","85077350,0","0,05"
18 - JIJEL,691 - CHEKFA,IIa,67,"147229600,0","0,3","44168880,0","0,049"
18 - JIJEL,696 - EL KENNAR NOUCHFI,IIa,72,"145699880,0","0,3","43709964,0","0,049"
21 - SKIKDA,1273 - OUM TOUB,IIa,10,"143773550,0","0,3","43132065,0","0,048"
27 - MOSTAGANEM,928 - SIRAT,I,37,"143621950,0","0,20216216216216218","28844390,0","0,048"
16 - ALGER,450 - BOUMERDES,IIa,19,"136935700,0","0,31263157894736837","45100710,0","0,046"
42 - TIPAZA,1396 - BOURKIKA,IIb,48,"135777020,0","0,42","56390808,0","0,045"
15 - TIZI OUZOU,1485 - MAATKA,IIa,48,"135190150,0","0,30375","40737045,0","0,045"
34 - B.B ARRERIDJ,376 - EL HAMMADIA,IIa,45,"131112130,0","0,3426666666666667","45309639,0","0,044"
35 - BOUMERDES,464 - OULED HADJADJ,I,26,"130937690,0","0,21538461538461537","28016338,0","0,044"
9 - BLIDA,354 - LARBAA BLIDA,III,23,"130876285,0","0,5521739130434782","72688142,5","0,044"
27 - MOSTAGANEM,914 - KHEIR EDDINE,I,16,"129930000,0","0,235","30234000,0","0,043"
16 - ALGER,101 - BAB EL OUED,IIa,35,"129373980,0","0,3171428571428571","40984194,0","0,043"
16 - ALGER,107 - BEN AKNOUN,IIa,32,"123894820,0","0,31124999999999997","38896446,0","0,041"
43 - MILA,889 - OUED SEGUEN,IIa,31,"123521420,0","0,34451612903225803","42216426,0","0,041"
31 - ORAN,1022 - SIDI CHAMI,IIa,33,"123119828,0","0,30363636363636365","37055948,4","0,041"
35 - BOUMERDES,449 - BOUDOUAOU EL BAHRI,I,15,"122886540,0","0,21066666666666667","25497308,0","0,041"
35 - BOUMERDES,473 - ZEMMOURI,I,13,"122721340,0","0,2030769230769231","25944268,0","0,041"
42 - TIPAZA,1398 - CHERCHEL,IIb,28,"122437280,0","0,41428571428571426","51534912,0","0,041"
42 - TIPAZA,1400 - DOUAOUDA,IIb,34,"122223380,0","0,40941176470588236","49529352,0","0,041"
44 - AIN DEFLA,47 - EL ABBADIA,IIa,47,"121505460,0","0,3536170212765958","42823638,0","0,041"
16 - ALGER,368 - BORDJ BOU ARRERIDJ,IIa,2,"120590000,0","0,3","36177000,0","0,04"
2 - CHLEF,484 - CHLEF,IIb,52,"120435030,0","0,40923076923076923","48734012,0","0,04"
25 - CONSTANTINE,520 - ZIGHOUD YOUCEF,0,68,"119432830,0","0,25220588235294117","30308207,5","0,04"
42 - TIPAZA,1407 - KOLEA,IIb,38,"118554440,0","0,4126315789473684","48621776,0","0,04"
15 - TIZI OUZOU,1444 - AIN ZAOUIA,IIa,40,"117733030,0","0,3","35319909,0","0,039"
35 - BOUMERDES,470 - THENIA,I,16,"116509580,0","0,2","23301916,0","0,039"
21 - SKIKDA,1276 - SIDI MEZGHICHE,IIa,76,"114507330,0","0,301578947368421","34592199,0","0,038"
5 - BATNA,193 - ICHEMOUL,IIa,40,"114201030,0","0,3","34260309,0","0,038"
23 - ANNABA,155 - AIN BERDA,IIb,8,"111575010,0","0,48000000000000004","68790004,00000001","0,037"
15 - TIZI OUZOU,1468 - BOUNOUH,IIa,24,"110675000,0","0,305","33322500,0","0,037"
19 - SETIF,1148 - BENI OUARTILANE,IIb,45,"109815000,0","0,4693333333333334","51182000,0","0,037"
27 - MOSTAGANEM,924 - SAYADA,I,17,"107431300,0","0,20705882352941177","22234260,0","0,036"
15 - TIZI OUZOU,1469 - BOUZGUEN,IIa,48,"106372850,0","0,3","31911855,0","0,036"
6 - BEJAIA,259 - BARBACHA,IIb,44,"105263200,0","0,4","42105280,0","0,035"
27 - MOSTAGANEM,916 - MESRA,I,23,"102427560,0","0,22260869565217392","22945512,0","0,034"
6 - BEJAIA,292 - TALA HAMZA,IIb,20,"101583100,0","0,42800000000000005","41833240,0","0,034"
43 - MILA,901 - ZEGHAIA,IIa,57,"101169110,0","0,30105263157894735","30410733,0","0,034"
40 - KHENCHELA,716 - BAGHAI,IIa,3,"100440000,0","0,3","30132000,0","0,034"
29 - MASCARA,802 - TIGHENNIF,I,2,"100000000,0","0,32000000000000006","32000000,000000007","0,033"
9 - BLIDA,345 - BOUGARA BLIDA,III,34,"99026550,0","0,5205882352941176","51523275,0","0,033"
16 - ALGER,144 - RAHMANIA,IIa,20,"98269320,0","0,312","30050796,0","0,033"
19 - SETIF,1164 - GUIDJEL,IIb,13,"97151140,0","0,4","38860456,0","0,032"
6 - BEJAIA,284 - OUZELLAGUEN,IIb,27,"96772900,0","0,4","38709160,0","0,032"
23 - ANNABA,157 - BERRAHEL,IIb,12,"95598580,0","0,4266666666666667","40399432,0","0,032"
15 - TIZI OUZOU,1495 - SOUAMAA,IIa,9,"95366250,0","0,3333333333333333","29509875,0","0,032"
30 - OURGLA,1031 - HASSI MESSAOUD,IIa,26,"94609760,0","0,31846153846153846","29714928,0","0,032"
10 - BOUIRA,397 - AGHBALOU,III,17,"92877000,0","0,5882352941176471","55321200,0","0,031"
15 - TIZI OUZOU,1458 - ASSI YOUCEF,IIa,32,"92046850,0","0,3","27614055,0","0,031"
11 - TAMENRASSET,1313 - IN GUEZZAM,III,20,"90376000,0","0,505","45288000,0","0,03"
35 - BOUMERDES,462 - NACIRIA,I,11,"88519350,0","0,21090909090909093","17903870,0","0,03"
12 - TEBESSA,1322 - BIR EL ATER,III,60,"88059750,0","0,5316666666666666","46109875,0","0,029"
17 - DJELFA,527 - BENHAR,IIb,2,"88000000,0","0,6400000000000001","56320000,00000001","0,029"
15 - TIZI OUZOU,1462 - BENI DOUALA,IIa,34,"87360650,0","0,3035294117647059","26628195,0","0,029"
34 - B.B ARRERIDJ,391 - SIDI EMBAREK,IIa,30,"87260090,0","0,304","26898027,0","0,029"
15 - TIZI OUZOU,1502 - TIZI NTHLETA,IIa,30,"86986580,0","0,3","26095974,0","0,029"
6 - BEJAIA,261 - BEJAIA,IIb,27,"86625960,0","0,4118518518518519","35210384,0","0,029"
15 - TIZI OUZOU,1489 - MIZRANA,IIa,24,"84451270,0","0,3","25335381,0","0,028"
5 - BATNA,223 - THENIET EL ABED,IIa,30,"84294890,0","0,3","25288467,0","0,028"
42 - TIPAZA,1391 - AHMER EL AIN,IIb,32,"84246730,0","0,42000000000000004","35178692,0","0,028"
38 - TISSEMSILT,1427 - LAYOUNE,IIa,2,"84000000,0","0,3","25200000,0","0,028"
35 - BOUMERDES,447 - BORDJ MENAIEL,I,23,"82854410,0","0,20347826086956525","16778882,0","0,028"
47 - GHARDAIA,638 - GHARDAIA,IIb,32,"81816000,0","0,4025","33766400,0","0,027"
34 - B.B ARRERIDJ,373 - EL ACHIR,IIa,19,"80927630,0","0,34421052631578947","28418289,0","0,027"
16 - ALGER,344 - BOUFARIK,IIa,10,"80349180,0","0,33599999999999997","28052754,0","0,027"
34 - B.B ARRERIDJ,374 - EL ANSEUR,IIa,25,"79114720,0","0,3408","26734416,0","0,026"
15 - TIZI OUZOU,1447 - AIT BOUADOU,IIa,21,"78769250,0","0,3","23630775,0","0,026"
27 - MOSTAGANEM,925 - SIDI ALI,I,12,"77818200,0","0,20333333333333334","15643640,0","0,026"
26 - MEDEA,827 - DRAA ESSMAR,IIb,15,"75405130,0","0,48533333333333334","39840452,0","0,025"
29 - MASCARA,780 - GHRISS,I,4,"72806000,0","0,2","14561200,0","0,024"
16 - ALGER,104 - BAINS ROMAINS,IIa,11,"71550000,0","0,3","21465000,0","0,024"
15 - TIZI OUZOU,1505 - YAKOUREN,IIa,22,"71036100,0","0,30818181818181817","22005630,0","0,024"
16 - ALGER,29 - AIN BENIAN (AIN DEFLA),IIa,7,"70780000,0","0,3514285714285714","25434000,0","0,024"
15 - TIZI OUZOU,1494 - SIDI NAAMANE TIZI OUZOU,IIa,24,"70764140,0","0,305","21349242,0","0,024"
6 - BEJAIA,263 - BENI KSILA BEJAIA,IIb,6,"70532000,0","0,4000000000000001","28212800,0","0,024"
42 - TIPAZA,1402 - GOURAYA,IIb,22,"70251000,0","0,4581818181818182","32020400,0","0,023"
19 - SETIF,1156 - DJEMILA,IIb,30,"69524800,0","0,4053333333333333","27969920,0","0,023"
19 - SETIF,1185 - TAYA,IIb,24,"69164700,0","0,4166666666666667","28241880,0","0,023"
5 - BATNA,180 - BOUZINA,IIa,24,"69025220,0","0,3","20707566,0","0,023"
31 - ORAN,1014 - HASSI BOUNIF,IIa,39,"67802880,0","0,30615384615384617","20580864,0","0,023"
31 - ORAN,1012 - GDYEL,IIa,17,"67665180,0","0,3035294117647059","20359554,0","0,023"
6 - BEJAIA,282 - MELBOU,IIb,19,"66929200,0","0,4378947368421053","28971680,0","0,022"
16 - ALGER,127 - EL MADANIA,IIa,18,"65958290,0","0,31","20267487,0","0,022"
19 - SETIF,1131 - AIN EL KEBIRA,IIb,31,"65262300,0","0,4","26104920,0","0,022"
15 - TIZI OUZOU,1483 - IRDJEN,IIa,22,"64652870,0","0,3","19395861,0","0,022"
15 - TIZI OUZOU,1488 - MEKLA,IIa,23,"64582830,0","0,31565217391304345","20976249,0","0,022"
43 - MILA,883 - GRAREM GOUGA,IIa,35,"64476430,0","0,3034285714285714","19582929,0","0,022"
16 - ALGER,153 - TASSALA EL MERDJA,IIa,13,"64250080,0","0,3323076923076923","21699508,8","0,021"
19 - SETIF,1159 - EL OUELDJA SETIF,IIb,14,"63996220,0","0,4342857142857143","31534488,000000004","0,021"
42 - TIPAZA,1401 - FOUKA,IIb,19,"63967620,0","0,4126315789473684","26387048,0","0,021"
42 - TIPAZA,1399 - DAMOUS,IIb,19,"63828000,0","0,45894736842105266","28811200,0","0,021"
10 - BOUIRA,412 - CHORFA BOUIRA,III,18,"63020000,0","0,5833333333333334","34510000,0","0,021"
42 - TIPAZA,1415 - SIDI RACHED,IIb,26,"62239280,0","0,4246153846153847","26551712,0","0,021"
42 - TIPAZA,167 - SIDI AMER,IIb,23,"61966200,0","0,4730434782608696","29666480,0","0,021"
15 - TIZI OUZOU,1442 - AGHRIB,IIa,22,"61377260,0","0,33","20744778,0","0,02"
42 - TIPAZA,1412 - NADOR,IIb,24,"60822990,0","0,4266666666666667","26089196,0","0,02"
24 - GUELMA,663 - GUELMA,I,4,"60045160,0","0,23000000000000004","18069032,000000004","0,02"
15 - TIZI OUZOU,290 - SOUK EL THENINE,IIa,33,"59904100,0","0,3","17971230,0","0,02"
42 - TIPAZA,1408 - LARHAT,IIb,16,"59395000,0","0,45999999999999996","27358000,0","0,02"
44 - AIN DEFLA,29 - AIN BENIAN (AIN DEFLA),IIa,3,"59000000,0","0,36000000000000004","21240000,0","0,02"
42 - TIPAZA,1392 - AIN TAGOURAIT,IIb,14,"58966100,0","0,40571428571428575","23746440,0","0,02"
42 - TIPAZA,1409 - MENACEUR,IIb,22,"58955560,0","0,42181818181818187","25222224,0","0,02"
19 - SETIF,1145 - BENI FOUDA,IIb,21,"58274540,0","0,40380952380952384","23469816,0","0,019"
15 - TIZI OUZOU,1441 - AGHNI GOUGHRAN,IIa,10,"57879650,0","0,306","17459895,0","0,019"
15 - TIZI OUZOU,1477 - IFIGHA,IIa,13,"57788100,0","0,3","17336430,0","0,019"
15 - TIZI OUZOU,1465 - BENI ZMENZER,IIa,19,"57765850,0","0,3","17329755,0","0,019"
10 - BOUIRA,414 - DIRAH,III,8,"57280000,0","0,55","30740000,0","0,019"
9 - BLIDA,150 - SIDI MOUSSA,III,1,"57000000,0","0,5","28500000,0","0,019"
28 - M SILA,941 - BENI ILMENE,0,12,"56939000,0","0,2875","16564750,0","0,019"
10 - BOUIRA,439 - TAGHZOUT BOUIRA,III,12,"56888330,0","0,5083333333333333","28544165,0","0,019"
10 - BOUIRA,438 - SOUR EL GHOZLANE,III,12,"56731000,0","0,5083333333333333","28865500,0","0,019"
6 - BEJAIA,300 - TIFRA,IIb,3,"56565100,0","0,4266666666666667","26306040,0","0,019"
16 - ALGER,128 - EL MAGHARIA,IIa,4,"56013400,0","0,315","17506020,0","0,019"
43 - MILA,898 - TERRAI BAINEM,IIa,36,"55920280,0","0,3","16776084,0","0,019"
16 - ALGER,1407 - KOLEA,IIa,4,"55767320,0","0,32999999999999996","19430196,0","0,019"
2 - CHLEF,495 - OUED SLY,IIb,21,"55650000,0","0,46095238095238095","24420000,0","0,019"
16 - ALGER,346 - BOUINAN,IIa,17,"55037080,0","0,3035294117647059","16871124,0","0,018"
16 - ALGER,448 - BOUDOUAOU,IIa,5,"54508000,0","0,312","16892400,0","0,018"
31 - ORAN,1006 - BOUTLELIS,IIa,12,"54328990,0","0,3","16298697,0","0,018"
43 - MILA,881 - EL MCHIRA,IIa,14,"54006900,0","0,33428571428571424","18002070,0","0,018"
2 - CHLEF,488 - EL MARSA CHLEF,IIb,1,"53900000,0","0,48","25872000,0","0,018"
6 - BEJAIA,276 - IFELAIN ILMATHEN,IIb,7,"53890000,0","0,4342857142857143","21876000,0","0,018"
44 - AIN DEFLA,54 - KHEMIS MILIANA,IIa,3,"53884800,0","0,34","19285440,0","0,018"
27 - MOSTAGANEM,931 - STIDIA,I,6,"53107750,0","0,20666666666666667","10741550,0","0,018"
42 - TIPAZA,1414 - SIDI GHILES,IIb,13,"52784440,0","0,4123076923076923","21593776,0","0,018"
15 - TIZI OUZOU,1496 - SOUK EL TENINE,IIa,22,"52745000,0","0,3","15823500,0","0,018"
12 - TEBESSA,1318 - AIN ZERGA,III,15,"52070000,0","0,5133333333333333","26235000,0","0,017"
31 - ORAN,1002 - BETHIOUA,IIa,6,"51954000,0","0,3","15586200,0","0,017"
10 - BOUIRA,399 - AIN BESSAM,III,15,"51901680,0","0,5","25950840,0","0,017"
25 - CONSTANTINE,517 - IBN ZIAD,0,15,"51110000,0","0,27666666666666667","14051500,0","0,017"
5 - BATNA,208 - OUED TAGA,IIa,24,"51030340,0","0,3","15309102,0","0,017"
15 - TIZI OUZOU,1471 - DRAA EL MIZAN,IIa,23,"50765640,0","0,3026086956521739","15324492,0","0,017"
35 - BOUMERDES,467 - SIDI DAOUD,I,22,"50051056,0","0,23272727272727273","11010211,44","0,017"
16 - ALGER,305 - AIN NAGA,IIa,16,"49859670,0","0,3","14957901,0","0,017"
44 - AIN DEFLA,59 - ROUINA,IIa,13,"49726900,0","0,33692307692307694","15851070,0","0,017"
10 - BOUIRA,424 - HAIZER,III,12,"49544400,0","0,525","25072200,0","0,017"
16 - ALGER,100 - ALGER,IIa,18,"49023510,0","0,31666666666666665","15383613,0","0,016"
5 - BATNA,187 - FESDIS,IIa,16,"48338822,04","0,3","14501646,612","0,016"
19 - SETIF,1142 - BELLAA,IIb,13,"47936100,0","0,4","19174440,0","0,016"
18 - JIJEL,703 - OUDJANA,IIa,23,"47717150,0","0,3","14315145,0","0,016"
21 - SKIKDA,1265 - HAMADI KROUMA,IIa,15,"47675000,0","0,36","17098500,0","0,016"
16 - ALGER,145 - RAIS HAMIDOU,IIa,6,"47420000,0","0,3","14226000,0","0,016"
31 - ORAN,998 - ARZEW ORAN,IIa,14,"46914840,0","0,30428571428571427","14134452,0","0,016"
15 - TIZI OUZOU,1473 - FRIKAT,IIa,7,"46760000,0","0,3","14028000,0","0,016"
18 - JIJEL,708 - SIDI ABDELAZIZ,IIa,26,"45771810,0","0,3","13731543,0","0,015"
16 - ALGER,1394 - BOU ISMAIL,IIa,1,"45300000,0","0,3","13590000,0","0,015"
16 - ALGER,1237 - TESSALA,IIa,7,"44910544,36","0,3514285714285714","15969163,308","0,015"
6 - BEJAIA,251 - ADEKAR,IIb,12,"44320000,0","0,44","18528000,0","0,015"
44 - AIN DEFLA,32 - AIN SOLTANE AIN DEFLA,IIa,6,"43920000,0","0,3","13176000,0","0,015"
16 - ALGER,347 - CHEBLI,IIa,6,"43700000,0","0,35000000000000003","15420000,0","0,015"
10 - BOUIRA,430 - MCHEDALLAH,III,15,"42688200,0","0,5133333333333333","21544100,0","0,014"
19 - SETIF,164 - EULMA,IIb,18,"42570200,0","0,40444444444444444","17108080,0","0,014"
34 - B.B ARRERIDJ,385 - MEDJANA,IIa,21,"42329090,0","0,3314285714285714","14198727,0","0,014"
15 - TIZI OUZOU,1484 - LARBA NAIT IRATHEN,IIa,20,"42322110,0","0,303","12816633,0","0,014"
34 - B.B ARRERIDJ,381 - HASNAOUA,IIa,13,"42285000,0","0,32769230769230767","13525500,0","0,014"
34 - B.B ARRERIDJ,379 - GHILASSA,IIa,13,"41863650,0","0,3046153846153846","12679095,0","0,014"
34 - B.B ARRERIDJ,365 - BELIMOUR,IIa,7,"40950000,0","0,3","12285000,0","0,014"
29 - MASCARA,803 - TIZI,I,18,"40813850,0","0,2","8162770,0","0,014"
44 - AIN DEFLA,44 - DJELIDA,IIa,15,"40770000,0","0,348","13875000,0","0,014"
34 - B.B ARRERIDJ,378 - EL MHIR,IIa,21,"40550000,0","0,3057142857142857","12405000,0","0,014"
9 - BLIDA,339 - BEN KHELIL,III,19,"40334000,0","0,5526315789473685","21187000,0","0,013"
43 - MILA,888 - OUED ENDJA,IIa,24,"39994850,0","0,3","11998455,0","0,013"
11 - TAMENRASSET,1308 - ABALESSA,III,4,"39920000,0","0,575","20260000,0","0,013"
34 - B.B ARRERIDJ,363 - AIN TAGHROUT,IIa,14,"39245000,0","0,3","11773500,0","0,013"
13 - TLEMCEN,1541 - MANSOURAH TLEMCEN,I,17,"38884170,0","0,2","7776834,0","0,013"
6 - BEJAIA,272 - DARGUINA,IIb,11,"38404350,0","0,46545454545454545","17961740,0","0,013"
44 - AIN DEFLA,48 - EL AMRA,IIa,13,"38381120,0","0,32769230769230767","12354336,0","0,013"
15 - TIZI OUZOU,1455 - AIT YAHIA MOUSSA,IIa,13,"38319800,0","0,3","11495940,0","0,013"
16 - ALGER,342 - BLIDA,IIa,11,"38252600,0","0,3327272727272727","12495780,0","0,013"
42 - TIPAZA,1397 - CHAIBA,IIb,4,"37635000,0","0,4","15054000,0","0,013"
35 - BOUMERDES,472 - TIMEZRIT,I,8,"37602250,0","0,20500000000000002","7652450,0","0,013"
6 - BEJAIA,287 - SIDI AICH,IIb,9,"37364800,0","0,4444444444444444","17025920,0","0,012"
16 - ALGER,117 - CASBAH,IIa,10,"37079980,0","0,32399999999999995","11693994,0","0,012"
17 - DJELFA,534 - DJELFA,IIb,3,"36928000,0","0,4266666666666667","15091200,0","0,012"
18 - JIJEL,701 - KAOUS,IIa,10,"36288910,0","0,3","10886673,0","0,012"
5 - BATNA,228 - TKOUT,IIa,34,"35898000,0","0,3","10769400,0","0,012"
5 - BATNA,202 - MENAA BATNA,IIa,24,"35898000,0","0,3","10769400,0","0,012"
26 - MEDEA,852 - OUZERA,IIb,12,"35829440,0","0,4533333333333333","16421216,0","0,012"
21 - SKIKDA,1275 - SALAH BOUCHAOUR,IIa,23,"35576480,0","0,30521739130434783","10792944,0","0,012"
21 - SKIKDA,1262 - EMDJEZ EDCHICH,IIa,31,"35529480,0","0,3","10658844,0","0,012"
6 - BEJAIA,269 - BOUKHELIFA,IIb,8,"35253310,0","0,41000000000000003","14181324,0","0,012"
19 - SETIF,1176 - OULED SABOR,IIb,10,"35235400,0","0,4","14094160,0","0,012"
31 - ORAN,1005 - BOUSFER,IIa,9,"34937940,0","0,30666666666666664","10541382,0","0,012"
26 - MEDEA,860 - SIDI NAAMANE MEDEA,IIb,13,"34763030,0","0,4676923076923077","16203612,0","0,012"
34 - B.B ARRERIDJ,382 - KHELIL,IIa,17,"34204000,0","0,3035294117647059","10381200,0","0,011"
19 - SETIF,1128 - AIN ABESSA,IIb,7,"33627000,0","0,4","13450800,0","0,011"
15 - TIZI OUZOU,1475 - IDJEUR,IIa,14,"33567100,0","0,3","10070130,0","0,011"
21 - SKIKDA,1259 - EL HADAIEK,IIa,6,"33406100,0","0,32","10237830,0","0,011"
42 - TIPAZA,1395 - BOUHAROUN,IIb,14,"32717500,0","0,44571428571428573","15167000,0","0,011"
5 - BATNA,222 - TAZOULT,IIa,6,"31684170,0","0,3","9505251,0","0,011"
28 - M SILA,974 - SIDI HADJERES,0,7,"31300000,0","0,2928571428571428","9180000,0","0,01"
5 - BATNA,206 - OUED CHAABA,IIa,11,"30370060,0","0,3","9111018,0","0,01"
16 - ALGER,1417 - TIPAZA,IIa,8,"30326370,0","0,3225","9277911,0","0,01"
42 - TIPAZA,1406 - KHEMISTI TIPAZA,IIb,10,"29918640,0","0,41600000000000004","12447456,0","0,01"
26 - MEDEA,843 - OUAMRI,IIb,6,"29542000,0","0,4666666666666666","13976800,0","0,01"
36 - EL TAREF,612 - BEN MHIDI,0,7,"29388000,0","0,2857142857142857","8247000,0","0,01"
19 - SETIF,1170 - MAAOUIA,IIb,10,"28675500,0","0,4","11470200,0","0,01"
9 - BLIDA,359 - OULED SLAMA,III,6,"28566250,0","0,5333333333333333","15713125,0","0,01"
27 - MOSTAGANEM,905 - AIN NOUISSI,I,14,"28510200,0","0,2057142857142857","5942040,0","0,01"
9 - BLIDA,343 - BOUARFA,III,10,"28359790,0","0,5","14179895,0","0,009"
35 - BOUMERDES,469 - TAOURGA,I,24,"28150050,0","0,2733333333333334","7630010,000000001","0,009"
6 - BEJAIA,472 - TIMEZRIT,IIb,16,"28045000,0","0,455","12194000,0","0,009"
29 - MASCARA,801 - SIG,I,5,"27988300,0","0,2","5597660,0","0,009"
19 - SETIF,1183 - TACHOUDA,IIb,8,"27721000,0","0,41000000000000003","11168400,0","0,009"
19 - SETIF,1172 - MEZLOUG,IIb,11,"27697320,0","0,4","11078928,0","0,009"
43 - MILA,870 - AHMED RACHDI,IIa,10,"27511750,0","0,3","8253525,0","0,009"
15 - TIZI OUZOU,1481 - ILOULA OUMALOU,IIa,16,"27459100,0","0,3","8237730,0","0,009"
25 - CONSTANTINE,511 - BEN BADIS CONSTANTINE,0,7,"27410000,0","0,2571428571428572","6952500,0","0,009"
3 - LAGHOUAT,748 - KSAR EL HIRANE,I,13,"27373000,0","0,2","5474600,0","0,009"
21 - SKIKDA,1240 - AIN BOUZIANE,IIa,10,"27101150,0","0,306","8190345,0","0,009"
15 - TIZI OUZOU,1500 - TIRMITINE,IIa,10,"27061090,0","0,3","8118327,0","0,009"
9 - BLIDA,355 - MEFTAH,III,11,"26656860,0","0,5545454545454546","17128430,0","0,009"
27 - MOSTAGANEM,910 - FORNAKA,I,4,"26170000,0","0,21000000000000002","5554000,0","0,009"
35 - BOUMERDES,452 - CHABET EL AMEUR,I,16,"26098500,0","0,21000000000000002","5683700,0","0,009"
21 - SKIKDA,1249 - BEN AZZOUZ,IIa,9,"25945000,0","0,3466666666666667","8716500,0","0,009"
26 - MEDEA,832 - EL OMARIA,IIb,8,"25532750,0","0,41000000000000003","10572748,0","0,009"
15 - TIZI OUZOU,1443 - AIN EL HAMMAM,IIa,8,"25065120,0","0,3","7519536,0","0,008"
11 - TAMENRASSET,1317 - TIN ZAOUATINE,III,4,"24360000,0","0,5","12180000,0","0,008"
39 - El Oued,595 - NAKHLA,I,4,"23908000,0","0,22999999999999998","5501600,0","0,008"
5 - BATNA,194 - INOUGHISSENE,IIa,12,"23837450,0","0,3","7151235,0","0,008"
25 - CONSTANTINE,512 - BENI HAMIDENE,0,12,"23759110,0","0,2916666666666667","6939777,5","0,008"
26 - MEDEA,822 - CHELLALAT EL ADHAOURA,IIb,8,"23573490,0","0,43","10269396,0","0,008"
6 - BEJAIA,286 - SEMAOUNE,IIb,17,"23485500,0","0,43764705882352944","10194200,0","0,008"
26 - MEDEA,869 - ZOUBIRIA,IIb,8,"23300000,0","0,47","10288000,0","0,008"
46 - AIN TIMOUCHENT,78 - EL MALAH,I,4,"23137940,0","0,23000000000000004","5947588,0","0,008"
28 - M SILA,943 - BERHOUM,0,16,"23000000,0","0,3","6900000,0","0,008"
43 - MILA,874 - AMIRA ARRES,IIa,13,"22435140,0","0,3","6730542,0","0,007"
10 - BOUIRA,398 - AHL EL KSAR,III,7,"22200000,0","0,5","11100000,0","0,007"
43 - MILA,890 - OULED KHELLOUF,IIa,5,"22028950,0","0,32399999999999995","6968685,0","0,007"
22 - SIDI BEL ABBES,1206 - LAMTAR,IIa,1,"22000000,0","0,36","7920000,0","0,007"
16 - ALGER,459 - KHEMIS EL KHECHNA,IIa,4,"21800000,0","0,32999999999999996","7140000,0","0,007"
21 - SKIKDA,1251 - BENI OULBANE,IIa,14,"21691840,0","0,31285714285714283","6687552,0","0,007"
10 - BOUIRA,427 - LAKHDARIA,III,7,"21595000,0","0,5285714285714286","11207500,0","0,007"
16 - ALGER,352 - GUERROUAOU,IIa,2,"21577388,0","0,3","6473216,399999999","0,007"
10 - BOUIRA,400 - AIN EL HADJAR BOUIRA,III,6,"21560000,0","0,5","10780000,0","0,007"
4 - OUM EL BOUAGHI,1068 - OULED HAMLA,IIa,9,"21500000,0","0,36","7740000,0","0,007"
19 - SETIF,1186 - TELLA,IIb,8,"21359500,0","0,4","8543800,0","0,007"
10 - BOUIRA,403 - AIT LAAZIZ,III,8,"21350000,0","0,5","10675000,0","0,007"
16 - ALGER,129 - EL MARSA ALGER,IIa,3,"21344000,0","0,3","6403200,0","0,007"
42 - TIPAZA,1413 - SIDI AMAR TIPAZA,IIb,16,"21244830,0","0,41000000000000003","8745932,0","0,007"
44 - AIN DEFLA,56 - MILIANA,IIa,2,"21225000,0","0,3","6367500,0","0,007"
31 - ORAN,1000 - ARZEW ORAN,IIa,5,"21168240,0","0,3","6350472,0","0,007"
10 - BOUIRA,433 - OULED RACHED,III,3,"21000000,0","0,6666666666666666","16400000,0","0,007"
29 - MASCARA,759 - AIN FARES MASCARA,I,9,"20679170,0","0,2","4135834,0","0,007"
44 - AIN DEFLA,43 - BOURACHED,IIa,8,"20620000,0","0,32999999999999996","6816000,0","0,007"
16 - ALGER,140 - OUED KORICHE,IIa,7,"20437100,0","0,3171428571428571","6641130,0","0,007"
44 - AIN DEFLA,41 - BORDJ EMIR KHALED,IIa,1,"20265000,0","0,3","6079500,0","0,007"
34 - B.B ARRERIDJ,367 - BIR KASDALI,IIa,10,"20136320,0","0,306","6160896,0","0,007"
28 - M SILA,964 - OUENOUGHA,0,4,"20100000,0","0,3","6030000,0","0,007"
16 - ALGER,354 - LARBAA BLIDA,IIa,4,"20095350,0","0,345","7198605,0","0,007"
13 - TLEMCEN,384 - MANSOURA,I,4,"19880000,0","0,2","3976000,0","0,007"
14 - TIARET,1367 - MELLAKOU,IIb,3,"19786000,0","0,4266666666666667","7994400,0","0,007"
12 - TEBESSA,1327 - EL AOUINET TEBESSA,III,9,"19771400,0","0,5111111111111111","10285700,0","0,007"
16 - ALGER,457 - HAMMEDI,IIa,5,"19728450,0","0,3","5918535,0","0,007"
6 - BEJAIA,275 - FERRAOUN,IIb,12,"19589500,0","0,41333333333333333","8075800,0","0,007"
2 - CHLEF,494 - OUED GHOUSSINE,IIb,5,"19570000,0","0,4","7828000,0","0,007"
15 - TIZI OUZOU,803 - TIZI,IIa,2,"19440000,0","0,32999999999999996","6053400,0","0,006"
9 - BLIDA,348 - CHIFFA,III,7,"19345020,0","0,5","9672510,0","0,006"
6 - BEJAIA,296 - TASKRIOUT,IIb,5,"19185670,0","0,41600000000000004","7754268,0","0,006"
34 - B.B ARRERIDJ,389 - RABTA,IIa,10,"19150000,0","0,348","6705000,0","0,006"
3 - LAGHOUAT,755 - SIDI MAKHLOUF,I,8,"19046400,0","0,2","3809280,0","0,006"
19 - SETIF,1133 - AIN LAHDJAR,IIb,6,"19040000,0","0,4000000000000001","7616000,0","0,006"
39 - El Oued,599 - REGUIBA,I,4,"19000000,0","0,24","4560000,0","0,006"
18 - JIJEL,712 - ZIAMA MANSOURIA JIJEL,IIa,7,"19000000,0","0,36","6840000,0","0,006"
14 - TIARET,1353 - DAHMOUNI,IIb,9,"18940000,0","0,48000000000000004","9091200,0","0,006"
16 - ALGER,112 - BOLOGHINE IBN ZIRI,IIa,8,"18825240,0","0,3075","5767572,0","0,006"
10 - BOUIRA,418 - EL HACHIMIA,III,12,"18716440,0","0,5416666666666666","9858220,0","0,006"
31 - ORAN,994 - AIN TURK,IIa,4,"18690000,0","0,3","5607000,0","0,006"
15 - TIZI OUZOU,1491 - OUACIF,IIa,7,"18019100,0","0,3","5405730,0","0,006"
16 - ALGER,638 - GHARDAIA,IIa,2,"18000000,0","0,3","5400000,0","0,006"
44 - AIN DEFLA,64 - ZEDDINE,IIa,7,"18000000,0","0,36","6480000,0","0,006"
35 - BOUMERDES,445 - BEN CHOUD,I,11,"17950000,0","0,23636363636363636","4266000,0","0,006"
19 - SETIF,1129 - AIN ARNAT,IIb,11,"17838000,0","0,4145454545454546","7295200,0","0,006"
21 - SKIKDA,1264 - FIL FILA,IIa,6,"17760000,0","0,31","5436000,0","0,006"
34 - B.B ARRERIDJ,390 - RAS EL OUED,IIa,7,"17710000,0","0,3","5313000,0","0,006"
26 - MEDEA,848 - OULED DEIDE,IIb,6,"17671200,0","0,4533333333333333","7663680,0","0,006"
16 - ALGER,465 - OULED MOUSSA,IIa,3,"17620000,0","0,32","5586000,0","0,006"
14 - TIARET,1371 - RAHOUIA,IIb,2,"17391740,0","0,4","6956696,0","0,006"
3 - LAGHOUAT,746 - HASSI RMEL,I,11,"17212440,0","0,2","3442488,0","0,006"
21 - SKIKDA,1267 - KERKERA,IIa,6,"17100000,0","0,36000000000000004","6156000,0","0,006"
39 - El Oued,579 - BAYADHA,I,7,"17100000,0","0,24","4104000,0","0,006"
35 - BOUMERDES,442 - AFIR,I,8,"16940000,0","0,225","3788000,0","0,006"
2 - CHLEF,475 - AIN MERANE,IIb,6,"16937100,0","0,4266666666666667","7094840,0","0,006"
16 - ALGER,355 - MEFTAH,IIa,5,"16747950,0","0,3","5024385,0","0,006"
29 - MASCARA,773 - EL HACHEM,I,3,"16740000,0","0,20000000000000004","3348000,0","0,006"
10 - BOUIRA,417 - EL ASNAM,III,6,"16697000,0","0,5","8348500,0","0,006"
23 - ANNABA,166 - SERAIDI,IIb,6,"16677690,0","0,4666666666666666","7911076,0","0,006"
5 - BATNA,182 - CHIR,IIa,3,"16492000,0","0,3","4947600,0","0,006"
5 - BATNA,225 - TIGHARGHAR,IIa,15,"16474950,0","0,3","4942485,0","0,006"
29 - MASCARA,766 - BOUHANIFIA,I,8,"16370480,0","0,2","3274096,0","0,005"
29 - MASCARA,789 - MOHAMMADIA MASCARA,I,5,"16309206,26","0,20800000000000002","3301841,2520000003","0,005"
18 - JIJEL,689 - CHAHNA,IIa,7,"16213000,0","0,3","4863900,0","0,005"
42 - TIPAZA,1410 - MESSELMOUN,IIb,6,"16109700,0","0,4533333333333333","7403880,0","0,005"
46 - AIN TIMOUCHENT,69 - AIN-TEMOUCHENT,I,7,"16093350,0","0,2","3218670,0","0,005"
44 - AIN DEFLA,35 - ARIB,IIa,7,"16039550,0","0,3257142857142857","5171865,0","0,005"
27 - MOSTAGANEM,906 - AIN SIDI CHERIF,I,3,"15995000,0","0,20000000000000004","3199000,0","0,005"
15 - TIZI OUZOU,1480 - ILLILTEN,IIa,4,"15470000,0","0,3","4641000,0","0,005"
6 - BEJAIA,1496 - SOUK EL TENINE,IIb,8,"15425950,0","0,45999999999999996","6930380,0","0,005"
25 - CONSTANTINE,519 - OULED RAHMOUN,0,6,"15400000,0","0,2833333333333333","4300000,0","0,005"
34 - B.B ARRERIDJ,274 - EL KSEUR,IIa,4,"15291000,0","0,32999999999999996","4827300,0","0,005"
4 - OUM EL BOUAGHI,1072 - SIGUS,IIa,5,"15090000,0","0,312","4707000,0","0,005"
35 - BOUMERDES,455 - DJINET,I,5,"15058000,0","0,24000000000000005","3291600,0","0,005"
6 - BEJAIA,258 - AOKAS,IIb,6,"14735150,0","0,44","6414060,0","0,005"
18 - JIJEL,695 - EL AOUANA,IIa,4,"14724000,0","0,3","4417200,0","0,005"
36 - EL TAREF,624 - El-TARF,0,5,"14665000,0","0,27999999999999997","4166250,0","0,005"
40 - KHENCHELA,721 - EL HAMMA,IIa,6,"14462120,0","0,3","4338636,0","0,005"
5 - BATNA,37 - BATHIA,IIa,2,"14421400,0","0,3","4326420,0","0,005"
48 - RELIZANE,1103 - RELIZANE,I,8,"14308270,0","0,22","3021654,0","0,005"
28 - M SILA,938 - AIN KHADRA,0,10,"14255000,0","0,295","4113750,0","0,005"
19 - SETIF,1132 - AIN LAGRADJ,IIb,7,"14000000,0","0,48","6720000,0","0,005"
36 - EL TAREF,519 - OULED RAHMOUN,0,1,"14000000,0","0,3","4200000,0","0,005"
15 - TIZI OUZOU,1454 - AIT YAHIA,IIa,1,"14000000,0","0,3","4200000,0","0,005"
27 - MOSTAGANEM,1003 - BIR EL DJIR,I,1,"14000000,0","0,2","2800000,0","0,005"
26 - MEDEA,853 - REBAIA,IIb,3,"13800000,0","0,48","6624000,0","0,005"
10 - BOUIRA,416 - EL ADJIBA,III,4,"13800000,0","0,55","7300000,0","0,005"
5 - BATNA,188 - FOUM TOUB,IIa,8,"13790660,0","0,3","4137198,0","0,005"
43 - MILA,893 - SIDI MEROUANE,IIa,6,"13638100,0","0,3","4091430,0","0,005"
10 - BOUIRA,407 - BIR GHBALOU,III,4,"13339500,0","0,5","6669750,0","0,004"
21 - SKIKDA,1250 - BENI BACHIR,IIa,6,"13278200,0","0,34","4661460,0","0,004"
16 - ALGER,1338 - HAMMAMET,IIa,6,"13276350,0","0,31","4162905,0","0,004"
21 - SKIKDA,1274 - RAMDANE DJAMEL,IIa,7,"13190890,0","0,3171428571428571","4191267,0","0,004"
31 - ORAN,1020 - OUED TLELAT,IIa,7,"12958210,0","0,3171428571428571","4067463,0","0,004"
26 - MEDEA,836 - KSAR EL BOUKHARI,IIb,4,"12881480,0","0,42000000000000004","5392592,0","0,004"
10 - BOUIRA,402 - AIN TURK BOUIRA,III,4,"12616000,0","0,5","6308000,0","0,004"
28 - M SILA,958 - MCIF,0,4,"12400000,0","0,3","3720000,0","0,004"
5 - BATNA,189 - GHASSIRA,IIa,6,"12276000,0","0,3","3682800,0","0,004"
15 - TIZI OUZOU,1501 - TIZI GHENIF,IIa,5,"12168400,0","0,3","3650520,0","0,004"
5 - BATNA,219 - SERIANA,IIa,6,"12092970,0","0,3","3627891,0","0,004"
8 - BECHAR,231 - BECHAR,0,2,"12000000,0","0,275","3050000,0","0,004"
6 - BEJAIA,151 - SOUIDANIA,IIb,3,"12000000,0","0,48","5760000,0","0,004"
34 - B.B ARRERIDJ,1078 - BEN DAOUD,IIa,2,"11900000,0","0,3","3570000,0","0,004"
40 - KHENCHELA,732 - TAMZA,IIa,6,"11887260,0","0,3","3566178,0","0,004"
26 - MEDEA,856 - SEGHOUANE,IIb,3,"11502600,0","0,4533333333333333","4921040,0","0,004"
35 - BOUMERDES,1265 - HAMADI KROUMA,I,1,"11500000,0","0,32000000000000006","3680000,000000001","0,004"
27 - MOSTAGANEM,908 - BOUGUIRAT,I,2,"11445000,0","0,2","2289000,0","0,004"
42 - TIPAZA,1403 - HADJERET ENNOUS,IIb,2,"11327000,0","0,4","4530800,0","0,004"
10 - BOUIRA,408 - BORDJ OUKHRISS,III,4,"11200000,0","0,5","5600000,0","0,004"
16 - ALGER,449 - BOUDOUAOU EL BAHRI,IIa,2,"11110000,0","0,39","4233000,0","0,004"
28 - M SILA,957 - MAGRA,0,8,"11007600,0","0,25625","2801900,0","0,004"
26 - MEDEA,868 - TLATET ED DOUAIR,IIb,4,"10951250,0","0,44","4540500,0","0,004"
5 - BATNA,171 - AIN YAGOUT,IIa,2,"10850000,0","0,3","3255000,0","0,004"
46 - AIN TIMOUCHENT,95 - TAMZOUGHA,I,3,"10800000,0","0,21333333333333335","2200000,0","0,004"
23 - ANNABA,165 - OUED EL ANEB,IIb,6,"10800000,0","0,48","5184000,0","0,004"
19 - SETIF,1136 - AIN SEBT,IIb,8,"10776000,0","0,4","4310400,0","0,004"
6 - BEJAIA,256 - AMALOU,IIb,2,"10675000,0","0,4","4270000,0","0,004"
16 - ALGER,1400 - DOUAOUDA,IIa,5,"10630000,0","0,32399999999999995","3429000,0","0,004"
16 - ALGER,260 - BEJAIA,IIa,2,"10601000,0","0,32999999999999996","3684300,0","0,004"
19 - SETIF,565 - EL BAYADH,IIb,1,"10571000,0","0,4","4228400,0","0,004"
18 - JIJEL,687 - BOURAOUI BELHADEF,IIa,6,"10540000,0","0,3","3162000,0","0,004"
6 - BEJAIA,280 - KHERRATA,IIb,3,"10500000,0","0,48","5040000,0","0,004"
5 - BATNA,962 - MSILA,IIa,3,"10500000,0","0,3","3150000,0","0,004"
29 - MASCARA,785 - MAOUSSA,I,3,"10465000,0","0,20000000000000004","2093000,0","0,003"
17 - DJELFA,945 - BOUSAADA,IIb,1,"10354000,0","0,4","4141600,0","0,003"
43 - MILA,896 - TASSALA LEMTAI,IIa,8,"10338650,0","0,3","3101595,0","0,003"
23 - ANNABA,167 - SIDI AMER,IIb,3,"10327720,0","0,4266666666666667","4611088,0","0,003"
39 - El Oued,591 - KOUININE,I,2,"10304000,0","0,2","2060800,0","0,003"
19 - SETIF,1139 - BABOR,IIb,8,"10225640,0","0,4","4090256,0","0,003"
5 - BATNA,186 - EL MADHER,IIa,3,"10202720,0","0,3","3060816,0","0,003"
7 - BISKRA,336 - TOLGA,IIa,3,"10200000,0","0,32","3120000,0","0,003"
31 - ORAN,374 - EL ANSEUR,IIa,1,"10080000,0","0,3","3024000,0","0,003"
15 - TIZI OUZOU,1450 - AIT KHELILI,IIa,4,"10064000,0","0,3","3019200,0","0,003"
10 - BOUIRA,457 - HAMMEDI,III,1,"10000000,0","0,6","6000000,0","0,003"
6 - BEJAIA,253 - AIT SMAIL,IIb,2,"9872800,0","0,4","3949120,0","0,003"
31 - ORAN,1008 - EL ANCOR ORAN,IIa,3,"9715900,0","0,3","2914770,0","0,003"
4 - OUM EL BOUAGHI,1073 - SOUK NAAMANE,IIa,6,"9632510,0","0,31","3009753,0","0,003"
26 - MEDEA,864 - TABLAT,IIb,4,"9622000,0","0,44","4019360,0","0,003"
2 - CHLEF,487 - EL KARIMIA,IIb,6,"9557900,0","0,4266666666666667","4183160,0","0,003"
9 - BLIDA,358 - OUED EL ALLEUG,III,8,"9551000,0","0,625","5975500,0","0,003"
39 - El Oued,589 - HASSANI ABDELKRIM,I,2,"9500000,0","0,22","2140000,0","0,003"
16 - ALGER,878 - CHERAGA MILA,IIa,1,"9500000,0","0,36","3420000,0","0,003"
15 - TIZI OUZOU,1449 - AIT CHAFFAA,IIa,5,"9430000,0","0,33599999999999997","3147000,0","0,003"
40 - KHENCHELA,722 - EL MAHMAL,IIa,4,"9407570,0","0,3","2822271,0","0,003"
6 - BEJAIA,304 - TOUDJA,IIb,9,"9391050,0","0,46222222222222226","4316420,0","0,003"
6 - BEJAIA,267 - BOUDJELLIL,IIb,3,"9350000,0","0,4266666666666667","3900000,0","0,003"
7 - BISKRA,326 - M_CHOUNECHE,IIa,1,"9300000,0","0,3","2790000,0","0,003"
31 - ORAN,1001 - BEN FREHA,IIa,4,"9240000,0","0,3","2772000,0","0,003"
5 - BATNA,203 - MEROUANA,IIa,3,"9233730,0","0,3","2770119,0","0,003"
16 - ALGER,461 - LARBATACHE,IIa,2,"9120000,0","0,32999999999999996","2803200,0","0,003"
26 - MEDEA,818 - BOUCHRAHIL,IIb,2,"9090000,0","0,44","3876000,0","0,003"
16 - ALGER,1182 - SETIF,IIa,2,"9000000,0","0,32999999999999996","2760000,0","0,003"
2 - CHLEF,503 - SOBHA,IIb,3,"9000000,0","0,48","4320000,0","0,003"
3 - LAGHOUAT,745 - HASSI DHELAA,I,5,"8959000,0","0,2","1791800,0","0,003"
16 - ALGER,769 - EL BORDJ,IIa,1,"8890000,0","0,3","2667000,0","0,003"
31 - ORAN,801 - SIG,IIa,1,"8866000,0","0,3","2659800,0","0,003"
5 - BATNA,224 - TIGHANIMINE,IIa,8,"8773000,0","0,3","2631900,0","0,003"
4 - OUM EL BOUAGHI,1055 - DHALAA,IIa,1,"8742000,0","0,3","2622600,0","0,003"
6 - BEJAIA,1123 - SIDI AHMED,IIb,2,"8679950,0","0,4","3471980,0","0,003"
2 - CHLEF,498 - OULED FARES,IIb,2,"8638860,0","0,4","3455544,0","0,003"
4 - OUM EL BOUAGHI,174 - BATNA,IIa,4,"8553170,0","0,3","2565951,0","0,003"
31 - ORAN,1010 - EL KARMA,IIa,4,"8548900,0","0,3","2564670,0","0,003"
10 - BOUIRA,440 - TAGUEDIT,III,2,"8525000,0","0,5","4262500,0","0,003"
27 - MOSTAGANEM,922 - OULED MAALAH,I,1,"8502000,0","0,2","1700400,0","0,003"
26 - MEDEA,823 - CHENIGUEL,IIb,1,"8500000,0","0,48","4080000,0","0,003"
44 - AIN DEFLA,55 - MEKHATRIA,IIa,3,"8500000,0","0,34","2850000,0","0,003"
35 - BOUMERDES,466 - SI MUSTAPHA,I,5,"8474000,0","0,20800000000000002","1846800,0","0,003"
13 - TLEMCEN,1540 - MAGHNIA,I,1,"8463000,0","0,2","1692600,0","0,003"
10 - BOUIRA,406 - BECHLOUL,III,4,"8432000,0","0,5","4216000,0","0,003"
34 - B.B ARRERIDJ,388 - OULED SIDI BRAHIM B.B ARRERIDJ,IIa,2,"8400000,0","0,3","2520000,0","0,003"
19 - SETIF,1130 - AIN AZAL,IIb,4,"8350440,0","0,4","3340176,0","0,003"
4 - OUM EL BOUAGHI,1049 - AIN KERCHA,IIa,6,"8345800,0","0,33","2773740,0","0,003"
15 - TIZI OUZOU,437 - SOUK EL KHEMIS,IIa,7,"8329300,0","0,3","2498790,0","0,003"
16 - ALGER,719 - CHERCHAR,IIa,1,"8153000,0","0,3","2445900,0","0,003"
9 - BLIDA,1404 - HADJOUT,III,4,"8117600,0","0,5","4058800,0","0,003"
29 - MASCARA,778 - FROHA,I,4,"8103200,0","0,2","1620640,0","0,003"
15 - TIZI OUZOU,1464 - BENI ZIKI,IIa,7,"8035750,0","0,3","2410725,0","0,003"
5 - BATNA,184 - DJEZZAR,IIa,4,"8029000,0","0,3","2408700,0","0,003"
15 - TIZI OUZOU,1461 - BENI AISSI,IIa,4,"7820000,0","0,3","2346000,0","0,003"
31 - ORAN,1013 - HASSI BEN OKBA,IIa,6,"7592900,0","0,3","2277870,0","0,003"
26 - MEDEA,847 - OULED BRAHIM MEDEA,IIb,2,"7576400,0","0,4","3030560,0","0,003"
35 - BOUMERDES,146 - REGHAIA,I,2,"7550000,0","0,2","1510000,0","0,003"
26 - MEDEA,842 - MOUDJEBEUR,IIb,2,"7500000,0","0,48","3600000,0","0,003"
22 - SIDI BEL ABBES,1235 - TELAGH,IIa,1,"7471000,0","0,3","2241300,0","0,002"
22 - SIDI BEL ABBES,1229 - SIDI LAHCENE,IIa,1,"7440000,0","0,3","2232000,0","0,002"
3 - LAGHOUAT,747 - KHENEG,I,3,"7440000,0","0,20000000000000004","1488000,0","0,002"
40 - KHENCHELA,729 - MTOUSSA,IIa,3,"7433480,0","0,3","2230044,0","0,002"
3 - LAGHOUAT,756 - TADJEMOUT,I,4,"7360330,0","0,2","1472066,0","0,002"
18 - JIJEL,692 - DJEMAA BENI HABIBI,IIa,4,"7192000,0","0,3","2157600,0","0,002"
35 - BOUMERDES,1359 - HAMADIA,I,5,"7084000,0","0,2","1416800,0","0,002"
6 - BEJAIA,278 - IGHRAM,IIb,2,"7040000,0","0,44","2976000,0","0,002"
12 - TEBESSA,1255 - CHERAIA,III,1,"7035000,0","0,5","3517500,0","0,002"
6 - BEJAIA,271 - CHEMINI,IIb,4,"7001380,0","0,4","2800552,0","0,002"
10 - BOUIRA,437 - SOUK EL KHEMIS,III,2,"7000000,0","0,5","3500000,0","0,002"
46 - AIN TIMOUCHENT,76 - EL AMRIA,I,1,"7000000,0","0,2","1400000,0","0,002"
44 - AIN DEFLA,30 - AIN BOUYAHIA,IIa,2,"7000000,0","0,36","2520000,0","0,002"
16 - ALGER,54 - KHEMIS MILIANA,IIa,1,"7000000,0","0,36","2520000,0","0,002"
27 - MOSTAGANEM,650 - BELKHEIR,I,1,"7000000,0","0,24","1680000,0","0,002"
15 - TIZI OUZOU,1474 - IBOUDRAREN,IIa,2,"7000000,0","0,3","2100000,0","0,002"
26 - MEDEA,855 - SEDRAIA,IIb,2,"7000000,0","0,4","2800000,0","0,002"
6 - BEJAIA,295 - TAOURIRT IGHIL,IIb,6,"7000000,0","0,48","3360000,0","0,002"
24 - GUELMA,674 - OUED ZENATI,I,2,"7000000,0","0,2","1400000,0","0,002"
16 - ALGER,373 - EL ACHIR,IIa,1,"7000000,0","0,3","2100000,0","0,002"
19 - SETIF,119 - DAR EL BEIDA,IIb,1,"6909000,0","0,4","2763600,0","0,002"
35 - BOUMERDES,468 - SOUK EL HAD BOUMERDES,I,3,"6839600,0","0,20000000000000004","1367920,0","0,002"
31 - ORAN,995 - AIN KERMA ORAN,IIa,3,"6800000,0","0,32","2100000,0","0,002"
41 - SOUK AHRAS,1303 - TAOURA,IIb,2,"6758000,0","0,4","2703200,0","0,002"
15 - TIZI OUZOU,1463 - BENI YENNI,IIa,1,"6720000,0","0,3","2016000,0","0,002"
34 - B.B ARRERIDJ,364 - AIN TASSERA,IIa,3,"6695000,0","0,3","2008500,0","0,002"
40 - KHENCHELA,724 - ENSIGHA,IIa,3,"6686700,0","0,3","2006010,0","0,002"
6 - BEJAIA,279 - KENDIRA,IIb,5,"6685000,0","0,4","2674000,0","0,002"
10 - BOUIRA,432 - OUED EL BERDI,III,3,"6600000,0","0,5333333333333333","3400000,0","0,002"
24 - GUELMA,662 - GUELAAT BOUSBAA,I,1,"6545000,0","0,2","1309000,0","0,002"
3 - LAGHOUAT,735 - AFLOU,I,4,"6505660,0","0,2","1301132,0","0,002"
44 - AIN DEFLA,52 - EL MAYENE,IIa,2,"6500000,0","0,36","2340000,0","0,002"
19 - SETIF,1147 - BENI MOUHLI,IIb,3,"6500000,0","0,48","3120000,0","0,002"
34 - B.B ARRERIDJ,375 - EL EUCH,IIa,2,"6488000,0","0,32999999999999996","2246400,0","0,002"
10 - BOUIRA,1133 - AIN LAHDJAR,III,4,"6480000,0","0,55","3440000,0","0,002"
13 - TLEMCEN,1528 - CHETOUANE,I,3,"6474720,0","0,20000000000000004","1294944,0","0,002"
6 - BEJAIA,285 - SEDDOUK,IIb,3,"6468000,0","0,4000000000000001","2587200,0","0,002"
28 - M SILA,117 - CASBAH,0,1,"6439000,0","0,25","1609750,0","0,002"
6 - BEJAIA,270 - CHELATA,IIb,3,"6405000,0","0,4000000000000001","2562000,0","0,002"
10 - BOUIRA,425 - HANIF,III,2,"6300000,0","0,5","3150000,0","0,002"
3 - LAGHOUAT,736 - AIN MADHI,I,3,"6200000,0","0,20000000000000004","1240000,0","0,002"
29 - MASCARA,800 - SIDI KADA,I,2,"6125000,0","0,2","1225000,0","0,002"
19 - SETIF,1141 - BEIDHA BORDJ,IIb,4,"6096650,0","0,4","2438660,0","0,002"
16 - ALGER,715 - BABAR,IIa,1,"6000000,0","0,3","1800000,0","0,002"
19 - SETIF,1144 - BENI CHEBANA,IIb,3,"6000000,0","0,48","2880000,0","0,002"
43 - MILA,887 - OUED ATHMANIA,IIa,3,"6000000,0","0,36000000000000004","2160000,0","0,002"
6 - BEJAIA,262 - BENI DJELLIL,IIb,6,"6000000,0","0,48","2880000,0","0,002"
41 - SOUK AHRAS,1404 - HADJOUT,IIb,2,"5914700,0","0,4","2365880,0","0,002"
31 - ORAN,1016 - MARSAT EL HADJADJ,IIa,3,"5910500,0","0,32","1833150,0","0,002"
39 - El Oued,588 - HAMRAIA,I,1,"5880000,0","0,2","1176000,0","0,002"
31 - ORAN,1004 - BOUFATIS,IIa,2,"5800000,0","0,32999999999999996","1920000,0","0,002"
29 - MASCARA,760 - AIN FEKAN,I,2,"5800000,0","0,2","1160000,0","0,002"
29 - MASCARA,782 - HACINE,I,2,"5785500,0","0,2","1157100,0","0,002"
42 - TIPAZA,149 - SIDI MHAMED ALGER,IIb,2,"5776380,0","0,4","2310552,0","0,002"
15 - TIZI OUZOU,450 - BOUMERDES,IIa,2,"5728830,0","0,3","1718649,0","0,002"
31 - ORAN,1007 - EL ANCOR ORAN,IIa,2,"5713500,0","0,3","1714050,0","0,002"
44 - AIN DEFLA,46 - DJENDEL,IIa,2,"5650000,0","0,32999999999999996","1755000,0","0,002"
17 - DJELFA,119 - DAR EL BEIDA,IIb,1,"5640000,0","0,4","2256000,0","0,002"
19 - SETIF,700 - JIJEL,IIb,1,"5600000,0","0,4","2240000,0","0,002"
35 - BOUMERDES,451 - BOUZEGZA KEDDARA,I,1,"5570000,0","0,24","1336800,0","0,002"
50 - BORDJ BADJI MOKHTAR,368 - BORDJ BOU ARRERIDJ,0,2,"5560660,0","0,275","1490165,0","0,002"
43 - MILA,882 - FERDJIOUA,IIa,4,"5543300,0","0,3","1662990,0","0,002"
4 - OUM EL BOUAGHI,1070 - OUM EL BOUAGHI,IIa,2,"5495680,0","0,3","1648704,0","0,002"
18 - JIJEL,1158 - EL EULMA,IIa,1,"5460000,0","0,3","1638000,0","0,002"
21 - SKIKDA,1272 - OULED HEBABA,IIa,3,"5433310,0","0,3","1629993,0","0,002"
28 - M SILA,969 - OULED SIDI BRAHIM M SILA,0,1,"5425000,0","0,25","1356250,0","0,002"
5 - BATNA,211 - OULED FADEL,IIa,2,"5394000,0","0,3","1618200,0","0,002"
46 - AIN TIMOUCHENT,71 - BOUZEDJAR AIN TEMOUCHENT,I,1,"5356400,0","0,2","1071280,0","0,002"
13 - TLEMCEN,1538 - HENAYA,I,1,"5270000,0","0,2","1054000,0","0,002"
16 - ALGER,410 - BOUIRA,IIa,1,"5270000,0","0,3","1581000,0","0,002"
5 - BATNA,195 - KIMMEL,IIa,3,"5270000,0","0,3","1581000,0","0,002"
12 - TEBESSA,1340 - NEGRINE,III,5,"5240000,0","0,58","3020000,0","0,002"
18 - JIJEL,694 - EL ANCER,IIa,3,"5213050,0","0,3","1563915,0","0,002"
23 - ANNABA,164 - EULMA,IIb,2,"5200000,0","0,44","2160000,0","0,002"
15 - TIZI OUZOU,454 - DELLYS,IIa,1,"5187000,0","0,3","1556100,0","0,002"
19 - SETIF,1135 - AIN ROUA,IIb,6,"5179790,0","0,4000000000000001","2071916,0","0,002"
34 - B.B ARRERIDJ,393 - TAGLAIT,IIa,3,"5154000,0","0,32","1606200,0","0,002"
27 - MOSTAGANEM,384 - MANSOURA,I,3,"5150000,0","0,22666666666666666","1110000,0","0,002"
46 - AIN TIMOUCHENT,70 - BENI SAF,I,1,"5145000,0","0,2","1029000,0","0,002"
10 - BOUIRA,404 - AOMAR,III,4,"5139000,0","0,575","2869500,0","0,002"
18 - JIJEL,685 - BORDJ TAHER,IIa,3,"5088650,0","0,3","1526595,0","0,002"
10 - BOUIRA,423 - HADJERA ZERGA,III,2,"5081250,0","0,5","2540625,0","0,002"
28 - M SILA,945 - BOUSAADA,0,1,"5040000,0","0,25","1260000,0","0,002"
18 - JIJEL,702 - KIMIR OUED ADJOUL,IIa,2,"5022000,0","0,3","1506600,0","0,002"
39 - El Oued,590 - HASSI KHELIFA,I,2,"5000000,0","0,24","1200000,0","0,002"
16 - ALGER,1401 - FOUKA,IIa,1,"5000000,0","0,3","1500000,0","0,002"
44 - AIN DEFLA,33 - AIN TORKI,IIa,1,"5000000,0","0,36","1800000,0","0,002"
5 - BATNA,169 - AIN DJASSER,IIa,3,"4929310,0","0,3","1478793,0","0,002"
30 - OURGLA,1036 - OUARGLA,IIa,2,"4920000,0","0,32999999999999996","1536000,0","0,002"
19 - SETIF,1187 - TIZI NBECHAR,IIb,2,"4900000,0","0,4","1960000,0","0,002"
35 - BOUMERDES,460 - LAGHATA,I,2,"4844000,0","0,2","968800,0","0,002"
31 - ORAN,33 - AIN TORKI,IIa,1,"4836000,0","0,3","1450800,0","0,002"
14 - TIARET,1370 - OUED LILLI,IIb,2,"4712000,0","0,4","1884800,0","0,002"
15 - TIZI OUZOU,300 - TIFRA,IIa,1,"4683000,0","0,3","1404900,0","0,002"
31 - ORAN,1018 - MISSERGHIN,IIa,2,"4650000,0","0,3","1395000,0","0,002"
14 - TIARET,1357 - FRENDA,IIb,2,"4635000,0","0,44","2014000,0","0,002"
14 - TIARET,1381 - SOUGUEUR,IIb,2,"4588000,0","0,4","1835200,0","0,002"
15 - TIZI OUZOU,1453 - AIT TOUDERT,IIa,2,"4550000,0","0,3","1365000,0","0,002"
24 - GUELMA,671 - NECHMAYA,I,2,"4528350,0","0,22","945670,0","0,002"
16 - ALGER,827 - DRAA ESSMAR,IIa,1,"4500000,0","0,3","1350000,0","0,002"
16 - ALGER,1466 - BOGHNI,IIa,1,"4500000,0","0,36","1620000,0","0,002"
26 - MEDEA,830 - EL GUELBELKEBIR,IIb,3,"4500000,0","0,48","2160000,0","0,002"
44 - AIN DEFLA,61 - TACHTA ZEGARRA,IIa,1,"4500000,0","0,36","1620000,0","0,002"
12 - TEBESSA,1333 - EL OGLA TEBESSA,III,1,"4464000,0","0,5","2232000,0","0,001"
16 - ALGER,515 - EL KHROUB,IIa,2,"4402000,0","0,3","1320600,0","0,001"
42 - TIPAZA,151 - SOUIDANIA,IIb,1,"4333400,0","0,4","1733360,0","0,001"
16 - ALGER,514 - DIDOUCHE MOURAD,IIa,2,"4326670,0","0,3","1298001,0","0,001"
10 - BOUIRA,413 - DECHMIA,III,2,"4262500,0","0,5","2131250,0","0,001"
15 - TIZI OUZOU,1445 - AIT AGGOUACHA,IIa,2,"4200000,0","0,3","1260000,0","0,001"
31 - ORAN,565 - EL BAYADH,IIa,1,"4185000,0","0,3","1255500,0","0,001"
17 - DJELFA,151 - SOUIDANIA,IIb,1,"4180000,0","0,4","1672000,0","0,001"
26 - MEDEA,835 - KHAMS DJOUAMAA,IIb,1,"4156250,0","0,4","1662500,0","0,001"
26 - MEDEA,863 - SOUAGUI,IIb,1,"4130000,0","0,4","1652000,0","0,001"
27 - MOSTAGANEM,921 - OULED BOUGHALEM,I,1,"4104000,0","0,2","820800,0","0,001"
35 - BOUMERDES,463 - OULED AISSA BOUMERDES,I,2,"4075000,0","0,22","915000,0","0,001"
18 - JIJEL,688 - BOUSSIF OULED AKSEUR,IIa,4,"4068440,0","0,3","1220532,0","0,001"
15 - TIZI OUZOU,1451 - AIT MAHMOUD,IIa,2,"4060000,0","0,3","1218000,0","0,001"
6 - BEJAIA,301 - TIMZRIT,IIb,2,"4030000,0","0,4","1612000,0","0,001"
27 - MOSTAGANEM,927 - SIDI LAKHDAR MOSTAGANEM,I,3,"4009590,0","0,20000000000000004","801918,0","0,001"
42 - TIPAZA,138 - MAHELMA,IIb,1,"4008630,0","0,4","1603452,0","0,001"
6 - BEJAIA,298 - TIBANE,IIb,1,"4000000,0","0,48","1920000,0","0,001"
12 - TEBESSA,1320 - BEKKARIA,III,2,"4000000,0","0,6","2400000,0","0,001"
26 - MEDEA,812 - BENI SLIMANE,IIb,1,"4000000,0","0,4","1600000,0","0,001"
43 - MILA,510 - AIN SMARA,IIa,1,"4000000,0","0,36","1440000,0","0,001"
43 - MILA,987 - MECHRIA,IIa,2,"4000000,0","0,36","1440000,0","0,001"
7 - BISKRA,297 - TAZMALT,IIa,1,"4000000,0","0,36","1440000,0","0,001"
25 - CONSTANTINE,518 - MESAOUD BOUDJERIOU,0,1,"4000000,0","0,3","1200000,0","0,001"
2 - CHLEF,497 - OULED BEN ABDELKADER,IIb,3,"4000000,0","0,48","1920000,0","0,001"
12 - TEBESSA,1332 - EL MERIDJ,III,3,"3994230,0","0,5666666666666667","2197115,0","0,001"
19 - SETIF,110 - BIR MOURAD RAIS,IIb,1,"3990000,0","0,4","1596000,0","0,001"
12 - TEBESSA,1336 - FERKANE,III,3,"3984000,0","0,5","1992000,0","0,001"
14 - TIARET,1346 - AIN BOUCHEKIF,IIb,3,"3973200,0","0,4266666666666667","1677280,0","0,001"
20 - SAIDA,1158 - EL EULMA,IIa,1,"3955000,0","0,3","1186500,0","0,001"
35 - BOUMERDES,150 - SIDI MOUSSA,I,1,"3952000,0","0,2","790400,0","0,001"
16 - ALGER,359 - OULED SLAMA,IIa,1,"3900000,0","0,3","1170000,0","0,001"
5 - BATNA,99 - ALGER,IIa,1,"3891600,0","0,3","1167480,0","0,001"
9 - BLIDA,133 - HUSSEIN DEY,III,1,"3850920,0","0,5","1925460,0","0,001"
31 - ORAN,1535 - FELLAOUCENE,IIa,1,"3844000,0","0,3","1153200,0","0,001"
24 - GUELMA,518 - MESAOUD BOUDJERIOU,I,1,"3800000,0","0,24","912000,0","0,001"
9 - BLIDA,349 - CHREA,III,1,"3800000,0","0,5","1900000,0","0,001"
17 - DJELFA,146 - REGHAIA,IIb,1,"3800000,0","0,4","1520000,0","0,001"
15 - TIZI OUZOU,106 - BEB EZZOUAR,IIa,1,"3760000,0","0,3","1128000,0","0,001"
34 - B.B ARRERIDJ,694 - EL ANCER,IIa,1,"3720000,0","0,3","1116000,0","0,001"
10 - BOUIRA,426 - KADIRIA,III,2,"3720000,0","0,5","1860000,0","0,001"
15 - TIZI OUZOU,381 - HASNAOUA,IIa,1,"3690000,0","0,36","1328400,0","0,001"
40 - KHENCHELA,717 - BOUHMAMA,IIa,2,"3658000,0","0,3","1097400,0","0,001"
42 - TIPAZA,1578 - CHAIBA,IIb,2,"3653000,0","0,44","1541200,0","0,001"
46 - AIN TIMOUCHENT,88 - OULHACA GHERRABA AIN TEMOUCHENT,I,1,"3652600,0","0,2","730520,0","0,001"
5 - BATNA,181 - CHEMORA,IIa,3,"3628860,0","0,3","1088658,0","0,001"
31 - ORAN,804 - ZAHANA,IIa,1,"3556000,0","0,3","1066800,0","0,001"
35 - BOUMERDES,446 - BENI AMRANE,I,4,"3506650,0","0,2","701330,0","0,001"
10 - BOUIRA,278 - IGHRAM,III,1,"3500000,0","0,5","1750000,0","0,001"
6 - BEJAIA,291 - SOUK OUFELLA,IIb,1,"3500000,0","0,48","1680000,0","0,001"
29 - MASCARA,804 - ZAHANA,I,2,"3481000,0","0,2","696200,0","0,001"
16 - ALGER,360 - OULED YAICH BLIDA,IIa,1,"3458000,0","0,3","1037400,0","0,001"
28 - M SILA,966 - OULED DERRADJ,0,2,"3454640,0","0,25","863660,0","0,001"
6 - BEJAIA,265 - BENI MAOUCHE,IIb,2,"3403150,0","0,44","1521260,0","0,001"
19 - SETIF,1155 - DEHAMCHA,IIb,3,"3370500,0","0,4000000000000001","1348200,0","0,001"
21 - SKIKDA,1280 - ZERDEZAS,IIa,2,"3325000,0","0,3","997500,0","0,001"
3 - LAGHOUAT,174 - BATNA,I,1,"3305400,0","0,2","661080,0","0,001"
2 - CHLEF,493 - OUED FODDA,IIb,2,"3299000,0","0,44","1519600,0","0,001"
51 - OULED DJELLAL,1574 - OULED DJELLAL,0,1,"3255000,0","0,25","813750,0","0,001"
18 - JIJEL,697 - EL MILIA,IIa,2,"3235470,0","0,3","970641,0","0,001"
42 - TIPAZA,1405 - HATTATBA,IIb,2,"3196000,0","0,4","1278400,0","0,001"
16 - ALGER,1019 - ORAN,IIa,1,"3152080,0","0,3","945624,0","0,001"
27 - MOSTAGANEM,486 - EL HADJADJ,I,2,"3125500,0","0,2","625100,0","0,001"
34 - B.B ARRERIDJ,383 - KSOUR,IIa,1,"3100000,0","0,3","930000,0","0,001"
13 - TLEMCEN,1514 - AIN YOUCEF,I,1,"3100000,0","0,2","620000,0","0,001"
38 - TISSEMSILT,1426 - LARDJEM,IIa,1,"3100000,0","0,3","930000,0","0,001"
26 - MEDEA,806 - AIN BOUCIF,IIb,1,"3100000,0","0,4","1240000,0","0,001"
18 - JIJEL,709 - SIDI MAAROUF,IIa,1,"3096280,0","0,3","928884,0","0,001"
5 - BATNA,248 - TAGHIT,IIa,1,"3080000,0","0,3","924000,0","0,001"
6 - BEJAIA,294 - TAMRIDJET,IIb,1,"3045000,0","0,4","1218000,0","0,001"
35 - BOUMERDES,113 - BORDJ EL BAHRI,I,1,"3040000,0","0,2","608000,0","0,001"
26 - MEDEA,850 - OULED MAAREF,IIb,2,"3003400,0","0,44","1281360,0","0,001"
31 - ORAN,999 - ARZEW ORAN,IIa,3,"3002000,0","0,32","960600,0","0,001"
17 - DJELFA,137 - LES EUCALYPTUS,IIb,1,"3000000,0","0,48","1440000,0","0,001"
26 - MEDEA,819 - BOUGHZOUL,IIb,1,"3000000,0","0,48","1440000,0","0,001"
43 - MILA,1068 - OULED HAMLA,IIa,1,"3000000,0","0,36","1080000,0","0,001"
23 - ANNABA,119 - DAR EL BEIDA,IIb,1,"3000000,0","0,48","1440000,0","0,001"
43 - MILA,878 - CHERAGA MILA,IIa,1,"3000000,0","0,36","1080000,0","0,001"
43 - MILA,879 - DERRADJI BOUSSELAH,IIa,1,"3000000,0","0,36","1080000,0","0,001"
43 - MILA,876 - BOUHATEM,IIa,1,"3000000,0","0,36","1080000,0","0,001"
23 - ANNABA,1158 - EL EULMA,IIb,1,"3000000,0","0,48","1440000,0","0,001"
28 - M SILA,946 - BOUTI SAYEH,0,3,"3000000,0","0,3","900000,0","0,001"
20 - SAIDA,1277 - SKIKDA,IIa,2,"3000000,0","0,36","1080000,0","0,001"
26 - MEDEA,861 - SIDI ZAHAR,IIb,1,"3000000,0","0,48","1440000,0","0,001"
36 - EL TAREF,2 - AKABILI,0,1,"3000000,0","0,3","900000,0","0,001"
19 - SETIF,1511 - AIN KEBIRA,IIb,2,"2994980,0","0,4","1197992,0","0,001"
12 - TEBESSA,216 - RAS EL AIOUN,III,1,"2976000,0","0,5","1488000,0","0,001"
19 - SETIF,1160 - EL OURICIA,IIb,2,"2975000,0","0,4","1190000,0","0,001"
28 - M SILA,965 - OULED ADDI GUEBALA,0,2,"2968000,0","0,25","742000,0","0,001"
13 - TLEMCEN,1546 - OULED MIMOUN,I,1,"2915860,0","0,2","583172,0","0,001"
2 - CHLEF,507 - TENES,IIb,1,"2884200,0","0,4","1153680,0","0,001"
4 - OUM EL BOUAGHI,1054 - BIR CHOUHADA,IIa,1,"2855100,0","0,3","856530,0","0,001"
9 - BLIDA,123 - DRARIA,III,1,"2850000,0","0,5","1425000,0","0,001"
28 - M SILA,939 - BELAIBA,0,2,"2800000,0","0,25","700000,0","0,001"
26 - MEDEA,109 - BIR KHADEM,IIb,1,"2774000,0","0,4","1109600,0","0,001"
9 - BLIDA,99 - ALGER,III,1,"2774000,0","0,5","1387000,0","0,001"
19 - SETIF,338 - AIN ROMANA,IIb,1,"2735850,0","0,4","1094340,0","0,001"
7 - BISKRA,337 - ZERIBET EL OUED,IIa,2,"2732000,0","0,3","819600,0","0,001"
15 - TIZI OUZOU,462 - NACIRIA,IIa,1,"2730000,0","0,3","819000,0","0,001"
45 - NAAMA,368 - BORDJ BOU ARRERIDJ,IIb,1,"2721950,0","0,4","1088780,0","0,001"
16 - ALGER,453 - CORSO,IIa,1,"2693440,0","0,3","808032,0","0,001"
28 - M SILA,953 - KHETTOUTI SED EL DJIR,0,2,"2688000,0","0,25","672000,0","0,001"
16 - ALGER,1395 - BOUHAROUN,IIa,1,"2680900,0","0,3","804270,0","0,001"
10 - BOUIRA,436 - SAHARIDJ,III,2,"2672820,0","0,5","1336410,0","0,001"
9 - BLIDA,122 - DOUERA,III,1,"2660000,0","0,5","1330000,0","0,001"
31 - ORAN,944 - BIR FODDA,IIa,1,"2646160,0","0,3","793848,0","0,001"
19 - SETIF,1151 - BOUANDAS,IIb,1,"2636900,0","0,4","1054760,0","0,001"
40 - KHENCHELA,734 - YABOUS,IIa,3,"2635000,0","0,3","790500,0","0,001"
27 - MOSTAGANEM,907 - AIN TEDLES,I,2,"2571490,0","0,2","514298,0","0,001"
38 - TISSEMSILT,1158 - EL EULMA,IIa,1,"2555000,0","0,3","766500,0","0,001"
16 - ALGER,272 - DARGUINA,IIa,1,"2534250,0","0,3","760275,0","0,001"
19 - SETIF,1138 - AMOUCHA,IIb,1,"2502500,0","0,4","1001000,0","0,001"
46 - AIN TIMOUCHENT,47 - EL ABBADIA,I,1,"2500000,0","0,24","600000,0","0,001"
2 - CHLEF,496 - OULED ABBES,IIb,1,"2500000,0","0,48","1200000,0","0,001"
28 - M SILA,967 - OULED MADHI,0,2,"2480000,0","0,25","620000,0","0,001"
3 - LAGHOUAT,740 - EL ASSAFIA,I,1,"2480000,0","0,2","496000,0","0,001"
29 - MASCARA,775 - EL MAMOUNIA,I,1,"2460500,0","0,2","492100,0","0,001"
41 - SOUK AHRAS,1292 - MERAHNA,IIb,1,"2439640,0","0,4","975856,0","0,001"
23 - ANNABA,620 - DREAN,IIb,1,"2419240,0","0,4","967696,0","0,001"
23 - ANNABA,616 - BOUTELDJA,IIb,1,"2310000,0","0,4","924000,0","0,001"
42 - TIPAZA,118 - CHERAGA ALGER,IIb,1,"2280000,0","0,4","912000,0","0,001"
2 - CHLEF,508 - ZEBOUDJA,IIb,1,"2209000,0","0,4","883600,0","0,001"
31 - ORAN,1560 - TLEMCEN,IIa,1,"2170000,0","0,3","651000,0","0,001"
36 - EL TAREF,1577 - BESBES,0,1,"2149280,0","0,25","537320,0","0,001"
44 - AIN DEFLA,42 - BOUMEDFAA,IIa,1,"2145000,0","0,3","643500,0","0,001"
5 - BATNA,177 - BOULEHILET,IIa,1,"2104900,0","0,3","631470,0","0,001"
19 - SETIF,1161 - GUELLAL,IIb,1,"2100000,0","0,4","840000,0","0,001"
15 - TIZI OUZOU,442 - AFIR,IIa,1,"2100000,0","0,3","630000,0","0,001"
42 - TIPAZA,448 - BOUDOUAOU,IIb,1,"2100000,0","0,48","1008000,0","0,001"
34 - B.B ARRERIDJ,372 - DJAAFRA,IIa,1,"2100000,0","0,3","630000,0","0,001"
29 - MASCARA,774 - EL KEURT,I,2,"2100000,0","0,2","420000,0","0,001"
41 - SOUK AHRAS,1300 - SEDRATA,IIb,1,"2077880,0","0,4","831152,0","0,001"
23 - ANNABA,1124 - SIDI AMAR SAIDA,IIb,1,"2072000,0","0,4","828800,0","0,001"
19 - SETIF,1217 - RAS EL MA,IIb,1,"2028950,0","0,4","811580,0","0,001"
9 - BLIDA,1417 - TIPAZA,III,1,"2000000,0","0,6","1200000,0","0,001"
6 - BEJAIA,288 - SIDI AYAD,IIb,2,"2000000,0","0,48","960000,0","0,001"
34 - B.B ARRERIDJ,1407 - KOLEA,IIa,1,"2000000,0","0,36","720000,0","0,001"
16 - ALGER,513 - CONSTANTINE,IIa,1,"2000000,0","0,36","720000,0","0,001"
35 - BOUMERDES,1608 - DJANET,I,1,"2000000,0","0,24","480000,0","0,001"
35 - BOUMERDES,301 - TIMZRIT,I,1,"2000000,0","0,24","480000,0","0,001"
35 - BOUMERDES,1571 - OULED AISSA,I,2,"2000000,0","0,28","560000,0","0,001"
34 - B.B ARRERIDJ,366 - BENDAOUD,IIa,1,"2000000,0","0,36","720000,0","0,001"
19 - SETIF,1153 - BOUSSELAM,IIb,1,"2000000,0","0,48","960000,0","0,001"
27 - MOSTAGANEM,909 - EL HESSIANE,I,1,"2000000,0","0,24","480000,0","0,001"
36 - EL TAREF,610 - AIN KERMA EL TARF,0,2,"2000000,0","0,3","600000,0","0,001"
12 - TEBESSA,1325 - BOULHAF DYR,III,2,"2000000,0","0,6","1200000,0","0,001"
14 - TIARET,1366 - MEGHILA,IIb,1,"2000000,0","0,48","960000,0","0,001"
19 - SETIF,1157 - DRAA KEBILA,IIb,1,"2000000,0","0,48","960000,0","0,001"
16 - ALGER,1277 - SKIKDA,IIa,1,"2000000,0","0,36","720000,0","0,001"
14 - TIARET,1373 - SEBAINE,IIb,1,"2000000,0","0,48","960000,0","0,001"
12 - TEBESSA,1329 - EL KOUIF,III,2,"2000000,0","0,6","1200000,0","0,001"
16 - ALGER,1132 - AIN LAGRADJ,IIa,1,"2000000,0","0,36","720000,0","0,001"
23 - ANNABA,1 - ADRAR,IIb,1,"2000000,0","0,48","960000,0","0,001"
28 - M SILA,20 - TAMENTIT,0,1,"2000000,0","0,3","600000,0","0,001"
6 - BEJAIA,252 - AIT R_ZINE,IIb,1,"2000000,0","0,48","960000,0","0,001"
43 - MILA,875 - BENYAHIA ABDERRAHMANE,IIa,1,"2000000,0","0,36","720000,0","0,001"
28 - M SILA,948 - DEHAHNA,0,1,"2000000,0","0,3","600000,0","0,001"
9 - BLIDA,457 - HAMMEDI,III,2,"2000000,0","0,6","1200000,0","0,001"
41 - SOUK AHRAS,1293 - OUED KEBERIT,IIb,1,"1989680,0","0,4","795872,0","0,001"
28 - M SILA,940 - BEN SROUR,0,1,"1960000,0","0,25","490000,0","0,001"
19 - SETIF,882 - FERDJIOUA,IIb,1,"1960000,0","0,4","784000,0","0,001"
6 - BEJAIA,174 - BATNA,IIb,1,"1959440,0","0,4","783776,0","0,001"
22 - SIDI BEL ABBES,1224 - SIDI BRAHIM,IIa,1,"1943080,0","0,3","582924,0","0,001"
34 - B.B ARRERIDJ,464 - OULED HADJADJ,IIa,1,"1900000,0","0,3","570000,0","0,001"
34 - B.B ARRERIDJ,470 - THENIA,IIa,1,"1900000,0","0,3","570000,0","0,001"
34 - B.B ARRERIDJ,377 - EL MAIN,IIa,1,"1860000,0","0,3","558000,0","0,001"
15 - TIZI OUZOU,1482 - IMSOUHAL,IIa,2,"1820000,0","0,3","546000,0","0,001"
43 - MILA,899 - TIBERGUENT,IIa,1,"1790250,0","0,3","537075,0","0,001"
15 - TIZI OUZOU,269 - BOUKHELIFA,IIa,1,"1750000,0","0,3","525000,0","0,001"
19 - SETIF,66 - AIN EL ARBAA,IIb,1,"1750000,0","0,4","700000,0","0,001"
27 - MOSTAGANEM,904 - AIN BOUDINAR,I,1,"1750000,0","0,2","350000,0","0,001"
43 - MILA,1247 - AZZABA,IIa,1,"1750000,0","0,3","525000,0","0,001"
19 - SETIF,1152 - BOUGAA,IIb,1,"1750000,0","0,4","700000,0","0,001"
42 - TIPAZA,344 - BOUFARIK,IIb,1,"1748000,0","0,4","699200,0","0,001"
31 - ORAN,709 - SIDI MAAROUF,IIa,1,"1705000,0","0,3","511500,0","0,001"
9 - BLIDA,461 - LARBATACHE,III,1,"1700000,0","0,6","1020000,0","0,001"
28 - M SILA,115 - BOUROUBA,0,1,"1692000,0","0,25","423000,0","0,001"
3 - LAGHOUAT,537 - EL IDRISSIA,I,1,"1687950,0","0,2","337590,0","0,001"
43 - MILA,886 - MINAR ZARZA,IIa,1,"1680000,0","0,3","504000,0","0,001"
15 - TIZI OUZOU,452 - CHABET EL AMEUR,IIa,1,"1680000,0","0,3","504000,0","0,001"
28 - M SILA,955 - MAADID,0,2,"1670000,0","0,25","417500,0","0,001"
40 - KHENCHELA,714 - AIN TOUILA,IIa,1,"1636880,0","0,3","491064,0","0,001"
26 - MEDEA,1346 - AIN BOUCHEKIF,IIb,1,"1596000,0","0,4","638400,0","0,001"
13 - TLEMCEN,1548 - REMCHI,I,1,"1586270,0","0,2","317254,0","0,001"
9 - BLIDA,111 - BIRTOUTA,III,2,"1564000,0","0,65","1082000,0","0,001"
44 - AIN DEFLA,53 - HAMMAM RIGHA,IIa,1,"1560000,0","0,3","468000,0","0,001"
29 - MASCARA,793 - OUED TAGHIA,I,1,"1550000,0","0,2","310000,0","0,001"
5 - BATNA,229 - ZANA EL BEIDA,IIa,1,"1550000,0","0,3","465000,0","0,001"
39 - El Oued,600 - ROBBAH,I,1,"1500000,0","0,24","360000,0","0,001"
14 - TIARET,1359 - HAMADIA,IIb,1,"1500000,0","0,48","720000,0","0,001"
2 - CHLEF,485 - DAHRA,IIb,1,"1499100,0","0,4","599640,0","0,001"
16 - ALGER,1503 - TIZI OUZOU,IIa,1,"1488000,0","0,3","446400,0","0,0"
34 - B.B ARRERIDJ,370 - BORDJ ZEMOURA,IIa,1,"1457000,0","0,3","437100,0","0,0"
13 - TLEMCEN,1542 - MERSA BEN MHIDI,I,1,"1452660,0","0,2","290532,0","0,0"
16 - ALGER,898 - TERRAI BAINEM,IIa,1,"1400000,0","0,3","420000,0","0,0"
4 - OUM EL BOUAGHI,957 - MAGRA,IIa,2,"1400000,0","0,3","420000,0","0,0"
6 - BEJAIA,268 - BOUHAMZA,IIb,1,"1400000,0","0,4","560000,0","0,0"
14 - TIARET,1466 - BOGHNI,IIb,1,"1400000,0","0,4","560000,0","0,0"
15 - TIZI OUZOU,473 - ZEMMOURI,IIa,1,"1387000,0","0,3","416100,0","0,0"
18 - JIJEL,711 - TEXENNA,IIa,1,"1369270,0","0,3","410781,0","0,0"
40 - KHENCHELA,718 - CHELIA,IIa,1,"1240000,0","0,3","372000,0","0,0"
21 - SKIKDA,1256 - COLLO,IIa,1,"1225000,0","0,3","367500,0","0,0"
5 - BATNA,1412 - NADOR,IIa,1,"1222000,0","0,3","366600,0","0,0"
27 - MOSTAGANEM,903 - ACHAACHA,I,1,"1216000,0","0,2","243200,0","0,0"
15 - TIZI OUZOU,410 - BOUIRA,IIa,1,"1175520,0","0,3","352656,0","0,0"
34 - B.B ARRERIDJ,769 - EL BORDJ,IIa,1,"1167600,0","0,3","350280,0","0,0"
15 - TIZI OUZOU,1457 - AKERROU,IIa,2,"1155000,0","0,3","346500,0","0,0"
42 - TIPAZA,152 - STAOUELI,IIb,1,"1128000,0","0,4","451200,0","0,0"
2 - CHLEF,479 - BENI RACHED,IIb,1,"1128000,0","0,4","451200,0","0,0"
27 - MOSTAGANEM,933 - TOUAHRIA,I,1,"1120000,0","0,2","224000,0","0,0"
16 - ALGER,1123 - SIDI AHMED,IIa,1,"1117200,0","0,3","335160,0","0,0"
5 - BATNA,183 - DJERMA,IIa,1,"1116000,0","0,3","334800,0","0,0"
42 - TIPAZA,5 - BORDJ BADJI MOKHTAR,IIb,1,"1100000,0","0,48","528000,0","0,0"
50 - BORDJ BADJI MOKHTAR,373 - EL ACHIR,0,1,"1023000,0","0,25","255750,0","0,0"
31 - ORAN,1009 - EL BRAYA,IIa,1,"1000000,0","0,36","360000,0","0,0"
15 - TIZI OUZOU,1506 - YATAFEN,IIa,1,"1000000,0","0,36","360000,0","0,0"
39 - El Oued,608 - TRIFAOU,I,1,"1000000,0","0,24","240000,0","0,0"
44 - AIN DEFLA,45 - DJEMAA OULED CHEIKH,IIa,1,"1000000,0","0,36","360000,0","0,0"
34 - B.B ARRERIDJ,1359 - HAMADIA,IIa,1,"1000000,0","0,48","480000,0","0,0"
32 - EL BAYADH,565 - EL BAYADH,IIa,1,"1000000,0","0,36","360000,0","0,0"
10 - BOUIRA,136 - KOUBA,III,1,"1000000,0","0,6","600000,0","0,0"
21 - SKIKDA,1278 - TAMALOUS SKIKDA,IIa,1,"1000000,0","0,36","360000,0","0,0"
23 - ANNABA,1189 - AIN EL BERD,IIb,1,"1000000,0","0,48","480000,0","0,0"
4 - OUM EL BOUAGHI,1067 - OULED GACEM,IIa,1,"1000000,0","0,36","360000,0","0,0"
11 - TAMENRASSET,857 - SI MAHDJOUB,III,1,"1000000,0","0,6","600000,0","0,0"
12 - TEBESSA,1328 - EL HOUIDJBET,III,1,"1000000,0","0,6","600000,0","0,0"
15 - TIZI OUZOU,1479 - IFLISSEN TIZI OUZOU,IIa,1,"1000000,0","0,36","360000,0","0,0"
15 - TIZI OUZOU,108 - BENI MESSOUS,IIa,1,"1000000,0","0,36","360000,0","0,0"
28 - M SILA,1537 - HAMMAM BOUGHRARA,0,1,"1000000,0","0,3","300000,0","0,0"
28 - M SILA,12 - METARFA,0,1,"1000000,0","0,25","250000,0","0,0"
2 - CHLEF,506 - TAOUGRITE,IIb,1,"1000000,0","0,48","480000,0","0,0"
2 - CHLEF,483 - CHETTIA,IIb,1,"1000000,0","0,48","480000,0","0,0"
26 - MEDEA,828 - EL AOUINET MEDEA,IIb,1,"1000000,0","0,48","480000,0","0,0"
26 - MEDEA,857 - SI MAHDJOUB,IIb,1,"1000000,0","0,48","480000,0","0,0"
30 - OURGLA,1028 - EL BORMA,IIa,1,"1000000,0","0,36","360000,0","0,0"
29 - MASCARA,763 - ALAIMIA,I,1,"1000000,0","0,24","240000,0","0,0"
2 - CHLEF,24 - TIMOKTEN,IIb,1,"1000000,0","0,48","480000,0","0,0"
41 - SOUK AHRAS,1290 - MDAOUROUCHE,IIb,2,"992000,0","0,4","396800,0","0,0"
4 - OUM EL BOUAGHI,1063 - HANCHIR TOUMGHANI,IIa,1,"992000,0","0,3","297600,0","0,0"
21 - SKIKDA,1258 - EL GHEDIR,IIa,1,"980000,0","0,3","294000,0","0,0"
12 - TEBESSA,1324 - BOUKHADRA,III,1,"930000,0","0,5","465000,0","0,0"
41 - SOUK AHRAS,167 - SIDI AMER,IIb,1,"918750,0","0,4","367500,0","0,0"
10 - BOUIRA,1315 - TAMANRASSET,III,1,"896000,0","0,5","448000,0","0,0"
10 - BOUIRA,411 - BOUKRAM,III,1,"840000,0","0,5","420000,0","0,0"
15 - TIZI OUZOU,1476 - IFERHOUNENE,IIa,1,"770000,0","0,3","231000,0","0,0"
15 - TIZI OUZOU,1315 - TAMANRASSET,IIa,1,"756000,0","0,3","226800,0","0,0"
13 - TLEMCEN,1522 - BENI MESTER,I,1,"713000,0","0,2","142600,0","0,0"
6 - BEJAIA,303 - TIZI NBERBER,IIb,1,"682000,0","0,4","272800,0","0,0"
47 - GHARDAIA,635 - EL ATTEUF,IIb,1,"672000,0","0,4","268800,0","0,0"
2 - CHLEF,500 - SENDJAS,IIb,1,"624000,0","0,4","249600,0","0,0"
29 - MASCARA,792 - OUED EL ABTAL,I,1,"620000,0","0,2","124000,0","0,0"
31 - ORAN,1529 - DAR YAGHMOURASSENE,IIa,1,"608220,0","0,3","182466,0","0,0"
19 - SETIF,698 - EMIR ABDELKADER,IIb,1,"560000,0","0,4","224000,0","0,0"
31 - ORAN,1078 - BEN DAOUD,IIa,1,"560000,0","0,3","168000,0","0,0"
47 - GHARDAIA,632 - BERRIANE,IIb,1,"532280,0","0,4","212912,0","0,0"
20 - SAIDA,1122 - SAIDA,IIa,1,"403000,0","0,3","120900,0","0,0"
